annee;Country;Happiness Score;nativity;migration;health_expend;educ_expend;gdp;taxes;budget;milit
2015;Switzerland;7.587;10.5;4.74;11.5;5.3;58100.0;33.6;0.3;0.64
2015;Iceland;7.561;13.91;4.43;9.1;7.4;43600.0;45.3;0.1;0.13
2015;Denmark;7.527;10.27;2.2;10.6;8.7;44300.0;55.5;-1.4;1.37
2015;Norway;7.522;12.14;7.25;9.6;6.6;66900.0;57.5;12.5;1.4
2015;Canada;7.427;10.28;5.66;10.9;5.3;44800.0;37.6;-2.3;1.0
2015;Finland;7.406;10.72;3.1;9.4;6.8;40300.0;53.0;-3.5;1.47
2015;Netherlands;7.378;10.83;1.95;12.9;5.9;47400.0;47.0;-2.7;1.2
2015;Sweden;7.364;11.99;5.42;9.7;6.8;46000.0;52.1;-2.2;1.18
2015;New Zealand;7.286;13.33;2.21;9.7;7.4;35200.0;41.1;-0.9;1.13
2015;Australia;7.284;12.15;5.65;9.4;5.1;46400.0;33.3;-1.9;1.71
2015;Israel;7.278;18.48;2.24;7.2;5.6;32700.0;24.1;-2.7;5.69
2015;Costa Rica;7.226;15.91;0.83;9.9;6.9;14900.0;13.7;-5.5;0.7
2015;Austria;7.2;9.41;5.56;11.0;5.8;46400.0;50.0;-2.4;0.55
2015;Mexico;7.187;18.78;-1.68;6.2;5.1;17900.0;23.2;-3.7;0.59
2015;United States;7.119;12.49;3.86;17.1;5.2;54600.0;17.4;-2.8;4.35
2015;Brazil;6.983;14.46;-0.14;9.7;5.8;16100.0;38.4;1.2;1.47
2015;Luxembourg;6.946;11.37;17.16;7.1;4.1;92000.0;43.7;0.2;0.6
2015;Ireland;6.94;14.84;4.09;8.9;6.2;49200.0;32.8;-4.6;0.49
2015;Belgium;6.937;11.41;5.87;11.2;6.5;43000.0;50.7;-2.5;1.0
2015;United Arab Emirates;6.901;15.43;12.36;3.2;3.1;64500.0;33.8;5.9;5.66
2015;United Kingdom;6.867;12.17;2.54;9.1;6.0;39500.0;32.9;-6.0;2.49
2015;Oman;6.853;24.44;-0.43;2.6;4.2;39700.0;49.8;3.0;8.61
2015;Venezuela;6.81;19.16;0.0;3.6;6.9;17700.0;68.2;-29.4;2.6
2015;Singapore;6.798;8.27;14.05;4.6;2.9;82800.0;15.4;-0.9;3.52
2015;Panama;6.786;18.32;-0.28;7.2;3.3;19500.0;24.3;-4.1;1.4
2015;Germany;6.75;8.47;1.24;11.3;5.0;45900.0;44.0;0.4;1.35
2015;Chile;6.67;13.83;0.34;7.7;4.6;23000.0;19.2;-2.1;2.04
2015;Qatar;6.611;9.84;22.39;2.2;2.4;143400.0;43.0;11.2;1.8908196721311477
2015;France;6.575;12.38;1.09;11.7;5.9;40400.0;51.9;-4.3;1.8
2015;Argentina;6.574;16.64;0.0;7.3;5.1;22600.0;21.9;-2.5;0.91
2015;Czechia;6.505;9.63;2.33;7.2;4.5;29900.0;41.0;-1.7;1.04
2015;Uruguay;6.485;13.07;-0.9;8.8;4.4;20600.0;30.2;-3.4;1.95
2015;Colombia;6.477;16.47;-0.64;6.8;4.9;13400.0;28.5;-1.5;3.28
2015;Thailand;6.455;11.19;0.0;4.6;7.6;14400.0;20.5;-2.2;1.5
2015;Saudi Arabia;6.411;18.51;-0.55;3.2;5.1;52200.0;35.9;-1.9;7.98
2015;Spain;6.329;9.64;8.31;8.9;5.0;33700.0;37.8;-5.6;0.86
2015;Malta;6.302;10.18;1.98;8.7;8.0;33200.0;44.7;-1.9;0.61
2015;Taiwan;6.298;8.47;0.89;6.83;4.73037037037037;45900.0;16.1;-1.2;1.78
2015;Kuwait;6.295;19.91;-1.58;2.9;3.8;71000.0;69.7;25.4;0.0
2015;Suriname;6.269;16.34;0.56;5.7;4.730370370370371;16600.0;21.9;-4.3;1.8908196721311477
2015;Trinidad and Tobago;6.168;13.46;-6.25;5.5;4.730370370370371;32100.0;29.3;-2.6;1.12
2015;El Salvador;6.13;16.46;-8.28;6.9;3.4;8000.0;20.3;-3.5;0.99
2015;Guatemala;6.123;24.89;-1.97;6.5;2.8;7500.0;11.6;-2.3;0.42
2015;Uzbekistan;6.003;17.0;-2.37;6.1;6.3;5600.0;29.6;-1.0;4.0
2015;Slovakia;5.995;9.91;0.04;8.2;4.1;28200.0;36.5;-2.9;1.02
2015;Japan;5.987;7.93;0.0;10.3;3.8;37400.0;31.7;-6.9;0.97
2015;South Korea;5.984;8.19;0.0;7.2;4.9;35300.0;24.9;0.9;2.8
2015;Ecuador;5.975;18.51;0.0;7.5;4.4;11200.0;39.3;-5.2;2.83
2015;Bahrain;5.96;13.66;13.09;4.9;2.7;51700.0;22.9;-3.2;4.2
2015;Italy;5.948;8.74;4.1;9.1;4.3;35500.0;46.5;-3.0;1.69
2015;Bolivia;5.89;22.76;-0.62;6.1;6.4;6200.0;48.7;-0.5;1.47
2015;Moldova;5.889;12.0;-9.67;11.8;8.3;5000.0;37.7;-2.9;0.3
2015;Paraguay;5.878;16.37;-0.07;9.0;5.0;8400.0;16.7;-1.4;1.66
2015;Kazakhstan;5.855;19.15;0.41;4.3;3.1;24000.0;18.6;-1.6;1.21
2015;Slovenia;5.848;8.42;0.37;9.2;5.7;29700.0;40.1;-4.0;1.18
2015;Lithuania;5.833;10.1;-6.27;6.2;5.2;27100.0;32.2;-1.9;1.11
2015;Nicaragua;5.828;18.03;-3.0;8.4;4.4;4700.0;24.5;-1.9;0.63
2015;Peru;5.824;18.28;-2.53;5.3;3.3;11800.0;30.9;-0.1;1.28
2015;Belarus;5.813;10.7;0.7;6.1;5.1;18200.0;35.3;-0.2;1.3
2015;Poland;5.791;9.74;-0.46;6.7;4.9;25100.0;16.8;-1.5;1.95
2015;Malaysia;5.77;19.71;-0.33;4.0;5.9;24700.0;20.2;-3.4;1.5
2015;Croatia;5.759;9.45;1.39;7.3;4.2;20900.0;34.7;-4.3;1.7
2015;Libya;5.754;18.03;7.8;4.3;4.730370370370371;15700.0;37.0;-14.1;1.8908196721311479
2015;Russia;5.716;11.6;1.69;6.5;4.1;24800.0;20.2;0.4;3.49
2015;Jamaica;5.709;18.16;-4.66;5.9;6.3;8600.0;27.5;-0.9;0.86
2015;Cyprus;5.689;11.41;9.48;7.4;7.2;30800.0;39.3;-5.0;2.1
2015;Algeria;5.605;23.67;-0.92;6.6;4.3;14300.0;34.9;-4.2;4.48
2015;Kosovo;5.589;15.4;-2.6;6.829999999999999;4.730370370370371;8000.0;23.3;-3.6;0.78
2015;Turkmenistan;5.548;19.4;-1.84;2.0;3.0;14200.0;16.2;0.8;0.9
2015;Mauritius;5.477;13.29;0.0;4.8;3.7;18600.0;22.0;-3.7;0.19
2015;Estonia;5.429;10.51;-3.6;5.7;5.2;27000.0;37.2;-0.2;2.0
2015;Indonesia;5.399;16.72;-1.16;3.1;3.6;10600.0;15.7;-2.4;0.78
2015;Vietnam;5.36;15.96;-0.3;6.0;6.3;5600.0;23.0;-4.6;2.37
2015;Turkiye;5.332;16.33;2.16;5.6;2.9;19600.0;23.3;-2.4;2.29
2015;Kyrgyzstan;5.286;22.98;-5.22;6.7;6.8;3400.0;26.6;-2.3;3.74
2015;Nigeria;5.268;37.64;-0.22;3.9;0.5;6000.0;3.8;-2.0;0.89
2015;Bhutan;5.253;17.78;0.0;3.6;5.5;7600.0;19.5;-9.9;1.8908196721311479
2015;Azerbaijan;5.212;16.64;0.0;5.6;2.4;17600.0;31.1;-1.3;4.7
2015;Pakistan;5.194;22.58;-1.54;2.8;2.5;4700.0;15.5;-5.9;3.5
2015;Jordan;5.192;25.37;-13.24;7.2;3.9;11900.0;26.9;-4.3;4.65
2015;Montenegro;5.192;10.42;-4.9;6.5;4.730370370370371;15000.0;33.5;-1.5;1.74
2015;China;5.14;12.49;-0.44;5.6;3.5;12900.0;22.1;-1.8;1.99
2015;Zambia;5.129;42.13;-0.68;5.0;1.3;4100.0;20.4;-5.9;1.55
2015;Romania;5.124;9.14;-0.24;5.3;3.1;19700.0;32.1;-1.9;1.42
2015;Serbia;5.123;9.08;0.0;10.6;4.8;13300.0;38.4;-6.9;1.44
2015;Portugal;5.102;9.27;2.67;9.7;5.3;27000.0;43.7;-4.8;1.29
2015;Latvia;5.098;10.0;-6.26;5.7;4.9;23700.0;36.4;0.0;0.91
2015;Philippines;5.073;24.27;-2.09;4.4;2.7;7000.0;15.1;-0.6;1.19
2015;Morocco;5.013;18.2;-3.36;6.0;6.6;7600.0;26.1;-5.0;3.55
2015;North Macedonia;5.007;11.55;-0.48;6.4;4.73037037037037;13300.0;26.5;-4.0;1.08
2015;Mozambique;4.971;38.58;-1.98;6.8;5.0;1200.0;32.1;-9.9;1.03
2015;Albania;4.959;12.92;-3.3;5.9;3.3;11400.0;26.0;-6.3;0.85
2015;Bosnia and Herzegovina;4.949;8.87;-0.38;9.6;4.730370370370371;9800.0;44.4;-3.5;0.98
2015;Lesotho;4.898;25.47;-7.36;11.5;13.0;2800.0;55.3;-1.9;1.94
2015;Dominican Republic;4.885;18.73;-1.91;5.4;3.8;13000.0;15.8;-2.6;0.61
2015;Laos;4.876;24.25;-1.09;2.0;2.8;5000.0;23.4;-4.7;0.2
2015;Mongolia;4.874;20.25;-0.84;6.0;5.5;11900.0;30.1;-1.8;1.12
2015;Eswatini;4.867;24.67;0.0;8.4;7.8;7800.0;35.1;-1.5;3.17
2015;Greece;4.857;8.66;2.32;9.8;4.1;25900.0;48.5;-3.4;1.72
2015;Lebanon;4.839;14.59;-1.1;7.2;2.6;18000.0;21.6;-9.8;4.04
2015;Hungary;4.8;9.16;1.33;8.0;4.7;24900.0;51.1;-3.0;0.83
2015;Honduras;4.788;23.14;-1.16;8.7;5.9;4700.0;17.3;-5.1;1.05
2015;Tajikistan;4.786;24.38;-1.15;6.8;4.0;2700.0;30.9;-0.4;1.1
2015;Tunisia;4.739;16.64;-1.73;7.1;6.2;11300.0;25.3;-6.4;1.55
2015;Bangladesh;4.694;21.14;0.46;3.7;2.2;3400.0;9.7;-3.3;1.15
2015;Iran;4.686;17.99;-0.07;6.7;3.7;17100.0;15.0;-0.7;2.69
2015;Ukraine;4.681;10.72;-2.25;7.8;6.7;8700.0;29.0;-5.0;2.77
2015;Iraq;4.677;31.45;1.62;5.2;4.7;14600.0;43.6;2.9;8.7
2015;South Africa;4.642;20.75;2.42;8.9;6.2;13000.0;25.5;-4.4;1.2
2015;Ghana;4.633;31.09;-2.02;5.4;8.1;4100.0;23.2;-9.6;0.56
2015;Zimbabwe;4.61;32.26;0.0;6.4;2.0;2000.0;27.2;-6.4;2.79
2015;Liberia;4.571;34.41;0.0;10.0;2.8;900.0;23.7;-4.4;0.82
2015;India;4.565;19.55;-0.04;4.0;3.8;5900.0;9.1;-5.0;2.4
2015;Sudan;4.55;29.19;-4.29;6.5;2.2;4300.0;10.4;-2.6;2.83
2015;Haiti;4.518;22.31;-2.76;9.4;2.4;1800.0;20.0;-6.6;1.8908196721311477
2015;Congo (Kinshasa);4.517;34.88;-0.27;3.5;1.6;700.0;14.4;-0.3;1.72
2015;Nepal;4.514;20.64;3.86;6.0;4.7;2400.0;20.8;1.3;1.52
2015;Ethiopia;4.512;37.27;-0.22;5.1;4.7;1600.0;15.2;-2.9;0.91
2015;Sierra Leone;4.507;37.03;-2.77;11.8;2.9;2000.0;13.5;-3.3;0.72
2015;Mauritania;4.436;31.34;-0.83;3.8;3.8;4300.0;45.6;-1.1;2.97
2015;Kenya;4.419;26.4;-0.22;4.5;6.6;3100.0;18.8;-5.2;1.96
2015;Djibouti;4.369;23.65;6.06;8.9;4.5;3100.0;35.6;-5.3;1.8908196721311477
2015;Armenia;4.35;13.61;-5.8;4.5;2.3;7400.0;25.4;-1.7;4.1
2015;Botswana;4.332;20.96;4.56;5.4;9.5;16000.0;33.4;1.7;2.0
2015;Myanmar;4.307;18.39;-0.28;1.8;0.8;4700.0;4.5;-2.9;4.08
2015;Georgia;4.297;12.74;-2.7;9.4;2.0;7700.0;28.5;-2.8;2.7
2015;Malawi;4.292;41.56;0.0;8.3;5.4;800.0;28.7;-7.0;0.93
2015;Sri Lanka;4.271;15.85;-1.35;3.2;1.7;10400.0;13.9;-5.8;2.43
2015;Cameroon;4.252;36.17;-0.15;5.1;3.0;3000.0;17.1;-4.4;1.42
2015;Bulgaria;4.218;8.92;-0.29;7.6;3.8;17900.0;35.6;-3.0;1.6
2015;Egypt;4.194;22.9;-0.19;5.1;3.8;10900.0;23.0;-11.8;1.67
2015;Yemen;4.077;29.98;1.0;5.4;4.6;3800.0;22.6;-9.0;4.02
2015;Angola;4.033;38.78;0.46;3.8;3.5;7200.0;39.2;-4.7;3.63
2015;Mali;3.995;44.99;-2.26;7.1;4.8;1700.0;22.4;-4.7;1.44
2015;Congo (Brazzaville);3.989;35.85;-5.9;4.1;6.2;6600.0;46.1;3.7;7.17
2015;Comoros;3.956;27.84;-2.53;5.8;7.6;1500.0;24.3;-1.1;1.8908196721311477
2015;Uganda;3.931;43.79;-0.74;9.8;3.3;2000.0;13.2;-3.8;2.2
2015;Senegal;3.904;34.52;-1.59;4.2;5.6;2300.0;24.2;-5.2;1.89
2015;Gabon;3.896;34.49;-2.03;3.8;2.7;22900.0;27.5;-1.0;1.34
2015;Niger;3.845;45.45;-0.56;6.5;4.4;1000.0;21.2;-12.6;1.06
2015;Cambodia;3.819;23.83;-0.32;7.5;2.6;3300.0;15.8;-4.2;2.0
2015;Tanzania;3.781;36.39;-0.54;7.3;6.2;2700.0;17.6;-6.0;1.13
2015;Madagascar;3.681;32.61;0.0;4.2;2.7;1400.0;21.2;-3.3;0.69
2015;Central African Republic;3.678;35.08;0.0;3.9;1.2;600.0;9.1;-2.8;1.41
2015;Chad;3.667;36.6;-3.45;3.6;2.3;2600.0;18.2;-5.2;2.79
2015;Guinea;3.656;35.74;0.0;4.7;2.5;1300.0;22.5;-4.3;2.49
2015;Ivory Coast;3.655;28.67;0.0;5.7;4.6;3100.0;21.3;-2.8;1.65
2015;Burkina Faso;3.587;42.03;0.0;6.4;3.4;1700.0;24.2;-3.7;1.39
2015;Afghanistan;3.575;38.57;-1.51;8.1;3.4;1900.0;22.6;-0.6;28.09
2015;Rwanda;3.465;33.75;0.85;11.1;5.1;1700.0;24.4;-3.7;1.12
2015;Benin;3.34;36.02;0.0;4.6;5.3;1900.0;20.4;-2.0;1.03
2015;Syria;3.006;22.17;-19.79;3.3;4.9;5100.0;2.7;-5.8;1.8908196721311477
2015;Burundi;2.905;42.01;0.0;8.0;5.8;900.0;27.9;-2.8;2.39
2015;Togo;2.839;34.13;0.0;8.6;4.0;1400.0;22.5;-4.9;1.86
2016;Denmark;7.526;10.4;2.1;10.8;8.5;45700.0;54.0;-1.7;1.2
2016;Switzerland;7.509;10.5;4.7;11.7;5.1;58600.0;34.7;0.2;0.64
2016;Iceland;7.501;13.8;4.2;8.9;7.0;46100.0;42.2;-0.5;0.13
2016;Norway;7.498;12.2;6.6;9.7;7.4;68400.0;54.3;5.9;1.59
2016;Finland;7.413;10.7;3.0;9.7;7.2;41100.0;55.6;-2.8;1.37
2016;Canada;7.404;10.3;5.7;10.4;5.3;45600.0;38.6;-1.7;1.0
2016;Netherlands;7.339;10.9;1.9;10.9;5.6;49200.0;43.9;-1.9;1.17
2016;New Zealand;7.334;13.3;2.2;11.0;6.4;36200.0;38.6;0.3;1.13
2016;Australia;7.313;12.1;5.6;9.4;5.3;65400.0;34.0;-1.7;1.71
2016;Sweden;7.291;12.0;5.4;11.9;7.7;47900.0;50.4;0.0;1.1
2016;Israel;7.267;18.3;2.2;7.8;5.9;33700.0;26.1;-2.1;5.58
2016;Austria;7.119;9.5;5.2;11.2;5.6;47300.0;50.5;-1.1;0.55
2016;United States;7.104;12.5;3.9;17.1;5.2;55800.0;18.1;-2.4;4.35
2016;Costa Rica;7.087;15.7;0.8;9.3;7.0;15500.0;14.8;-5.9;0.7
2016;Germany;6.994;8.5;1.5;11.3;4.9;46900.0;44.6;0.7;1.18
2016;Brazil;6.952;14.3;-0.1;8.3;5.9;15600.0;36.0;-2.0;1.47
2016;Belgium;6.929;11.4;5.6;10.6;6.4;43600.0;51.3;-2.6;0.85
2016;Ireland;6.907;14.5;4.0;7.8;5.8;55500.0;32.9;-2.4;0.49
2016;Luxembourg;6.871;11.4;16.3;6.6;4.1;99000.0;43.1;1.3;0.44
2016;Mexico;6.778;18.5;-1.7;6.3;5.2;17500.0;23.5;-3.5;0.59
2016;Singapore;6.739;8.4;13.6;4.9;2.9;85300.0;15.8;0.6;3.52
2016;United Kingdom;6.725;12.1;2.5;9.1;6.7;41200.0;38.8;-4.4;2.07
2016;Chile;6.705;13.7;0.3;7.8;4.6;23500.0;21.1;-2.2;2.04
2016;Panama;6.701;18.1;-0.3;8.0;3.3;21800.0;20.4;-2.3;1.4
2016;Argentina;6.65;17.0;-0.1;4.8;5.3;22600.0;24.5;-5.2;0.91
2016;Czechia;6.596;9.5;2.3;7.4;4.3;31600.0;42.2;-0.4;1.04
2016;United Arab Emirates;6.573;15.3;11.3;3.6;3.1;67600.0;29.8;-4.0;5.66
2016;Uruguay;6.545;13.0;-0.9;8.6;4.4;21500.0;28.3;-3.5;1.95
2016;Malta;6.488;10.1;2.0;9.7;6.8;35900.0;41.7;-1.5;0.61
2016;Colombia;6.481;16.3;-0.6;7.2;4.7;13800.0;28.1;-3.4;3.28
2016;France;6.478;12.3;1.1;11.5;5.5;41200.0;53.4;-3.6;1.8
2016;Thailand;6.474;11.1;0.0;6.5;4.1;16100.0;18.6;-1.9;1.5
2016;Saudi Arabia;6.379;18.4;-0.5;4.7;5.1;53600.0;25.1;-14.8;12.6
2016;Taiwan;6.379;8.4;0.9;6.72751677852349;4.611666666666666;46800.0;15.9;0.1;1.78
2016;Qatar;6.375;9.7;18.2;2.2;3.5;132100.0;31.0;0.5;2.1528225806451613
2016;Spain;6.361;9.4;8.0;9.0;4.3;34800.0;38.2;-5.1;0.86
2016;Algeria;6.355;23.0;-0.9;7.2;4.3;14500.0;28.6;-16.0;4.48
2016;Guatemala;6.324;24.5;-1.9;6.2;2.8;7700.0;10.8;-1.4;0.42
2016;Suriname;6.269;16.0;0.6;5.7;4.611666666666667;16300.0;16.9;-7.3;2.152822580645161
2016;Kuwait;6.239;19.6;-2.0;3.0;3.8;70200.0;44.0;-12.4;0.0
2016;Bahrain;6.218;13.5;12.6;5.0;2.6;50100.0;17.9;-13.2;4.2
2016;Trinidad and Tobago;6.168;13.1;-6.1;5.9;4.611666666666667;30900.0;34.3;-4.0;1.12
2016;Venezuela;6.084;19.2;-1.2;5.3;6.9;16700.0;43.3;-41.1;1.0
2016;Slovakia;6.078;9.8;0.1;8.1;4.1;29700.0;42.7;-3.0;1.03
2016;El Salvador;6.068;16.3;-8.1;6.8;3.4;8300.0;20.0;-3.3;0.99
2016;Malaysia;6.005;19.4;-0.3;4.2;6.1;26300.0;18.9;-3.2;1.5
2016;Nicaragua;5.992;17.9;-2.9;9.0;4.5;5000.0;27.7;-1.2;0.63
2016;Uzbekistan;5.987;16.9;-2.3;5.8;6.3;6100.0;32.2;0.4;4.0
2016;Italy;5.977;8.7;3.9;9.2;4.1;35700.0;47.9;-2.6;1.1
2016;Ecuador;5.976;18.2;0.0;9.2;4.2;11300.0;34.0;-5.2;2.83
2016;Belize;5.956;24.3;0.0;5.8;6.2;8400.0;28.4;-8.5;1.17
2016;Japan;5.921;7.8;0.0;10.2;3.8;38100.0;35.9;-5.4;0.97
2016;Kazakhstan;5.919;18.7;0.4;4.4;3.1;24300.0;19.9;-1.5;1.21
2016;Moldova;5.897;11.8;-9.5;10.3;7.5;5000.0;33.6;-2.1;0.3
2016;Russia;5.856;11.3;1.7;7.1;4.2;25400.0;16.9;-2.4;3.49
2016;Poland;5.835;9.6;-0.4;6.4;4.8;26500.0;16.1;-2.4;2.0
2016;South Korea;5.835;8.4;2.6;7.4;4.6;36500.0;21.8;0.0;2.8
2016;Bolivia;5.822;22.4;-0.6;6.3;7.3;6500.0;47.5;-6.8;1.47
2016;Lithuania;5.813;10.0;-6.2;6.6;4.8;28400.0;34.9;-0.2;1.48
2016;Belarus;5.802;10.5;0.7;5.7;5.0;17700.0;42.1;1.5;1.3
2016;Slovenia;5.768;8.3;0.4;9.2;5.7;31000.0;45.1;-2.9;0.97
2016;Peru;5.743;18.0;-2.4;5.5;3.7;12200.0;29.5;-2.1;1.28
2016;Turkmenistan;5.658;19.3;-1.8;2.1;3.0;16400.0;16.2;0.0;0.9
2016;Mauritius;5.648;13.1;0.0;4.8;5.0;19500.0;20.2;-3.6;0.19
2016;Libya;5.615;17.8;3.8;5.0;4.611666666666667;14600.0;23.7;-31.2;2.1528225806451613
2016;Latvia;5.56;9.9;-6.2;5.9;4.9;24700.0;35.9;-1.3;0.91
2016;Cyprus;5.546;11.4;9.1;7.4;6.6;32800.0;39.0;-1.0;2.1
2016;Paraguay;5.538;16.5;-0.1;9.8;5.0;8700.0;18.6;-1.8;1.66
2016;Romania;5.528;9.0;-0.2;5.6;2.9;20800.0;32.9;-1.5;1.4
2016;Estonia;5.517;10.3;-3.2;6.4;4.7;28600.0;40.0;0.4;2.0
2016;Jamaica;5.51;18.0;-4.5;5.4;6.0;8800.0;28.0;-0.3;0.86
2016;Croatia;5.488;9.0;-1.9;7.8;4.2;21600.0;43.6;-3.2;1.38
2016;Somalia;5.44;40.0;-7.5;6.727516778523491;4.611666666666666;400.0;2.5;-0.1;0.0
2016;Kosovo;5.401;15.4;-2.6;6.72751677852349;4.611666666666666;8000.0;22.0;-3.4;0.78
2016;Turkiye;5.389;16.0;-1.2;5.4;2.9;20400.0;24.2;-1.1;2.1
2016;Indonesia;5.314;16.4;-1.2;2.8;3.3;11100.0;13.1;-2.5;0.78
2016;Jordan;5.303;25.5;-13.4;7.5;3.9;12100.0;22.1;-6.8;4.65
2016;Azerbaijan;5.291;16.2;0.0;6.0;2.5;18000.0;31.0;-1.1;5.2
2016;Philippines;5.279;24.0;-2.0;4.7;2.7;7300.0;15.9;-0.9;1.3
2016;China;5.245;12.4;-0.4;5.5;3.5;14100.0;22.3;-3.4;2.0
2016;Bhutan;5.196;17.5;0.0;3.6;5.9;8200.0;27.5;-3.8;2.1528225806451613
2016;Kyrgyzstan;5.185;22.6;-5.2;6.5;6.8;3400.0;29.9;-1.5;3.74
2016;Serbia;5.177;9.0;0.0;10.4;4.4;13700.0;42.7;-3.8;1.37
2016;Bosnia and Herzegovina;5.163;8.8;-0.4;9.6;4.611666666666666;10500.0;48.2;-2.1;0.98
2016;Montenegro;5.161;10.2;-4.9;6.4;4.611666666666666;16100.0;38.6;-1.7;1.65
2016;Dominican Republic;5.155;18.6;-1.9;4.4;2.1;15000.0;17.7;0.7;0.61
2016;Morocco;5.151;18.0;-3.3;5.9;5.3;8200.0;23.3;-4.8;3.7
2016;Hungary;5.145;9.1;1.3;7.4;4.6;26200.0;48.7;-2.0;0.8
2016;Pakistan;5.132;22.3;-1.4;2.6;2.5;5000.0;14.2;-5.3;3.5
2016;Lebanon;5.129;14.4;-1.1;6.4;2.6;18200.0;18.7;-7.7;4.04
2016;Portugal;5.123;9.1;2.6;9.5;5.1;27800.0;43.9;-4.4;1.29
2016;North Macedonia;5.121;11.5;-0.5;6.5;4.611666666666666;14000.0;29.3;-3.5;1.08
2016;Vietnam;5.061;15.7;-0.3;7.1;6.3;6000.0;24.0;-4.6;2.37
2016;Tunisia;5.045;16.4;-1.7;7.0;6.2;11400.0;23.6;-4.4;1.55
2016;Greece;5.033;8.5;2.3;8.1;4.1;26400.0;28.8;-2.0;2.46
2016;Tajikistan;4.996;23.8;-1.1;6.9;4.0;2700.0;33.3;0.8;1.1
2016;Mongolia;4.907;19.6;-0.8;4.7;4.6;12100.0;25.5;-3.1;0.98
2016;Laos;4.876;23.9;-1.1;1.9;4.2;5300.0;22.4;-5.2;0.2
2016;Nigeria;4.875;37.3;-0.2;3.7;0.5;6100.0;3.7;-1.1;0.89
2016;Honduras;4.871;22.8;-1.1;8.7;5.9;4900.0;19.7;-3.1;1.05
2016;Iran;4.813;17.8;-0.1;6.9;3.0;17300.0;16.0;-1.7;2.69
2016;Zambia;4.795;41.8;0.0;5.0;1.1;3900.0;16.7;-7.9;1.55
2016;Nepal;4.793;19.9;-1.9;5.8;4.7;2500.0;20.6;1.0;1.52
2016;Albania;4.655;13.1;-3.3;5.9;3.54;11900.0;26.2;-3.9;0.85
2016;Bangladesh;4.643;19.0;-3.1;2.8;2.0;3600.0;10.4;-4.8;1.09
2016;Sierra Leone;4.635;36.7;-2.4;11.1;2.8;1600.0;15.9;-5.1;0.72
2016;Iraq;4.575;30.9;1.5;5.5;4.7;15500.0;37.5;-15.5;8.7
2016;Namibia;4.574;27.9;0.0;8.9;8.3;11400.0;35.5;-5.5;4.2
2016;Cameroon;4.513;35.8;-0.1;4.1;3.0;3100.0;16.8;-5.3;1.42
2016;Ethiopia;4.508;36.9;-0.2;4.9;4.5;1800.0;15.0;-2.3;0.91
2016;South Africa;4.459;20.5;-0.9;8.8;6.1;13200.0;27.4;-3.3;1.2
2016;Sri Lanka;4.415;15.5;-1.3;3.5;1.6;10600.0;13.1;-7.5;2.43
2016;India;4.404;19.3;0.0;4.7;3.8;6200.0;9.3;-4.0;2.4
2016;Myanmar;4.395;18.2;-0.3;2.3;0.8;5500.0;11.6;-2.8;4.08
2016;Egypt;4.362;30.3;-0.5;5.6;3.8;11800.0;20.9;-11.7;1.76
2016;Armenia;4.36;13.3;-5.7;4.5;2.2;8500.0;23.4;-4.6;4.24
2016;Kenya;4.356;25.1;-0.2;5.7;5.5;3200.0;17.5;-6.5;1.96
2016;Ukraine;4.324;10.5;0.0;7.1;6.7;7500.0;33.0;-1.4;3.8
2016;Ghana;4.276;30.8;-1.9;3.6;6.0;4300.0;23.2;-7.1;0.56
2016;Congo (Kinshasa);4.272;34.2;-0.2;4.3;2.2;800.0;14.0;-0.5;1.72
2016;Georgia;4.252;12.5;-2.2;7.4;2.0;9600.0;28.3;-1.3;2.34
2016;Congo (Brazzaville);4.236;35.1;-4.8;5.2;6.2;6700.0;42.5;-10.3;7.17
2016;Senegal;4.219;34.0;-1.5;4.7;5.6;2500.0;25.1;-4.8;1.89
2016;Bulgaria;4.217;8.8;-0.3;8.4;3.5;19100.0;38.7;-1.8;1.2
2016;Mauritania;4.201;30.9;-0.8;3.8;3.3;4400.0;28.2;-5.2;2.97
2016;Zimbabwe;4.193;31.9;0.0;6.4;2.0;2100.0;24.5;-2.1;2.79
2016;Malawi;4.156;41.3;0.0;11.4;6.9;1100.0;19.6;-3.9;0.93
2016;Sudan;4.139;28.5;-4.2;8.4;2.2;4300.0;8.0;-3.9;2.83
2016;Gabon;4.121;34.3;-2.0;3.4;2.7;18600.0;21.3;-2.6;1.34
2016;Mali;4.073;44.4;-2.2;6.9;4.3;2200.0;19.2;-1.8;1.44
2016;Haiti;4.028;23.3;1.5;7.6;2.4;1800.0;21.1;-2.8;2.1528225806451613
2016;Botswana;3.974;20.7;4.5;5.4;9.6;16400.0;39.7;-3.2;2.0
2016;Comoros;3.956;26.9;-2.5;6.7;5.1;1500.0;27.0;-2.8;2.1528225806451613
2016;Ivory Coast;3.916;28.2;0.0;5.7;4.7;3300.0;21.2;-3.0;1.65
2016;Cambodia;3.907;23.4;-0.3;5.7;2.0;3500.0;16.4;-1.2;2.0
2016;Angola;3.866;38.6;-0.1;3.3;3.4;7300.0;32.2;-5.2;3.63
2016;Niger;3.856;44.8;-0.5;5.8;6.8;1100.0;23.7;-9.1;1.06
2016;South Sudan;3.832;36.2;11.0;2.7;0.8;2000.0;16.6;-69.4;10.32
2016;Chad;3.763;36.1;-3.3;3.6;2.9;2600.0;14.0;-4.7;2.79
2016;Burkina Faso;3.739;41.6;0.0;5.0;4.5;1700.0;19.6;-2.1;1.39
2016;Uganda;3.739;43.4;-0.7;7.2;2.2;2000.0;13.8;-4.2;2.2
2016;Yemen;3.724;29.2;0.7;5.6;4.6;2700.0;8.4;-9.8;4.02
2016;Madagascar;3.695;32.1;0.0;3.0;2.1;1500.0;11.8;-5.2;0.69
2016;Tanzania;3.666;36.0;-0.5;5.6;3.5;2900.0;13.4;-2.9;1.13
2016;Liberia;3.622;33.9;0.0;10.0;2.8;900.0;33.8;-6.1;0.82
2016;Guinea;3.607;35.4;0.0;5.6;3.5;1200.0;19.5;-9.1;2.49
2016;Rwanda;3.515;33.3;0.8;7.5;5.0;1800.0;23.8;-5.1;1.12
2016;Benin;3.484;35.5;0.0;4.6;4.4;2100.0;17.4;-6.4;1.03
2016;Afghanistan;3.36;38.3;-1.2;8.2;3.4;1900.0;8.2;-23.7;28.09
2016;Togo;3.303;33.7;0.0;5.2;4.8;1500.0;25.5;-5.7;1.86
2016;Syria;3.069;21.7;-2.1;3.3;5.1;5100.0;15.9;-7.3;2.1528225806451613
2016;Burundi;2.905;41.7;0.0;7.5;5.4;800.0;25.7;-5.6;2.39
2017;Norway;7.53700017929077;12.2;5.9;9.7;7.4;69400.0;54.2;3.0;1.62
2017;Denmark;7.52199983596802;10.5;2.1;10.8;8.6;48200.0;52.9;-0.6;1.15
2017;Iceland;7.50400018692017;13.7;4.0;8.9;7.8;49200.0;58.4;17.2;0.1
2017;Switzerland;7.49399995803833;10.5;4.7;11.7;5.1;60400.0;34.9;0.7;0.71
2017;Finland;7.4689998626709;10.7;2.9;9.7;7.2;42300.0;54.2;-1.9;1.33
2017;Netherlands;7.3769998550415;10.9;1.9;10.9;5.6;51200.0;44.2;0.4;1.17
2017;Canada;7.31599998474121;10.3;5.7;10.4;5.3;46400.0;38.8;-1.9;0.99
2017;New Zealand;7.31400012969971;13.2;2.2;11.0;6.3;37200.0;37.6;0.9;1.13
2017;Sweden;7.28399991989136;12.1;5.3;11.9;7.7;49800.0;51.0;0.9;1.04
2017;Australia;7.28399991989136;12.1;5.5;9.4;5.3;48700.0;34.3;-2.0;2.0
2017;Israel;7.21299982070923;18.1;2.2;7.8;5.9;35200.0;26.3;-2.2;5.64
2017;Costa Rica;7.0789999961853;15.5;0.8;9.3;7.6;16400.0;14.4;-5.2;0.7
2017;Austria;7.00600004196167;9.5;4.8;11.2;5.6;47700.0;49.5;-1.6;0.68
2017;United States;6.99300003051758;12.5;3.9;17.1;4.9;57600.0;17.6;-3.2;3.29
2017;Ireland;6.97700023651123;14.1;4.0;7.8;5.3;69300.0;27.5;-0.6;0.34
2017;Germany;6.95100021362305;8.6;1.5;11.3;4.9;48400.0;45.1;0.8;1.19
2017;Belgium;6.89099979400635;11.3;5.4;10.6;6.4;45000.0;50.7;-2.6;0.87
2017;Luxembourg;6.86299991607666;11.5;15.5;6.6;4.1;105800.0;43.1;1.6;0.49
2017;United Kingdom;6.71400022506714;12.1;2.5;9.1;5.8;42400.0;39.2;-2.9;1.84
2017;Chile;6.65199995040894;13.6;0.3;7.8;4.8;24100.0;21.0;-2.7;1.87
2017;United Arab Emirates;6.64799976348877;15.1;10.5;3.6;3.1;68100.0;21.1;-7.3;5.66
2017;Brazil;6.63500022888184;14.1;-0.1;8.3;6.0;15200.0;35.9;-1.0;1.32
2017;Czechia;6.60900020599365;9.3;2.3;7.4;4.1;33500.0;40.5;0.6;0.98
2017;Argentina;6.59899997711182;16.7;-0.1;4.8;5.5;20100.0;20.3;-5.9;0.95
2017;Mexico;6.57800006866455;18.3;-1.8;6.3;5.2;18900.0;24.8;-2.6;0.58
2017;Singapore;6.57200002670288;8.6;13.1;4.9;2.9;87800.0;16.6;-1.2;3.35
2017;Malta;6.52699995040894;10.1;2.0;9.7;8.3;39900.0;39.0;-0.6;0.53
2017;Uruguay;6.4539999961853;13.0;-0.9;8.6;4.4;21400.0;28.1;-3.9;1.85
2017;Guatemala;6.4539999961853;24.1;-1.9;6.2;3.0;7900.0;11.1;-1.1;0.39
2017;Panama;6.4520001411438;17.9;-0.2;8.0;3.3;23000.0;21.1;-1.9;1.4
2017;France;6.44199991226196;12.2;1.1;11.5;5.5;42300.0;53.1;-3.4;2.26
2017;Thailand;6.42399978637695;11.0;0.0;6.5;4.1;16900.0;18.1;-2.7;1.45
2017;Taiwan;6.42199993133545;8.3;0.9;6.77785234899329;4.702238805970149;48100.0;15.7;-0.3;1.78
2017;Spain;6.40299987792969;9.2;7.8;9.0;4.3;36300.0;37.9;-4.5;0.91
2017;Qatar;6.375;9.6;14.6;2.2;3.5;125100.0;25.3;-8.3;2.012805755395683
2017;Colombia;6.35699987411499;16.1;-0.6;7.2;4.5;14100.0;26.9;-2.4;3.39
2017;Saudi Arabia;6.3439998626709;18.3;-0.5;4.7;5.1;55300.0;21.7;-13.0;9.85
2017;Trinidad and Tobago;6.16800022125244;12.7;-5.9;5.9;4.702238805970149;31800.0;32.1;-5.2;1.12
2017;Kuwait;6.10500001907349;19.2;-2.4;3.0;3.8;71900.0;43.2;-11.0;4.83
2017;Slovakia;6.09800004959106;9.7;0.1;8.1;4.1;31300.0;40.0;-1.7;1.16
2017;Bahrain;6.08699989318848;13.3;12.1;5.0;2.6;50700.0;15.8;-13.6;4.59
2017;Malaysia;6.08400011062622;19.1;-0.3;4.2;5.0;27300.0;17.3;-3.1;1.41
2017;Nicaragua;6.07100009918213;17.7;-2.7;9.0;4.5;5500.0;27.9;-1.6;0.55
2017;Ecuador;6.00799989700317;17.9;0.0;9.2;4.9;11200.0;30.9;-7.5;2.21
2017;El Salvador;6.00299978256226;16.2;-8.0;6.8;3.4;8600.0;20.7;-2.8;0.87
2017;Poland;5.97300004959106;9.5;-0.4;6.4;4.9;27700.0;17.1;-2.5;1.99
2017;Uzbekistan;5.97100019454956;16.8;-2.2;5.8;6.3;6600.0;32.1;0.1;4.0
2017;Italy;5.96400022506714;8.6;3.7;9.2;4.2;36800.0;47.1;-2.4;1.51
2017;Russia;5.96299982070923;11.0;1.7;7.1;3.9;26900.0;15.7;-3.4;5.4
2017;Belize;5.95599985122681;24.0;0.0;5.8;6.2;8200.0;31.6;-2.9;1.17
2017;Japan;5.92000007629395;7.7;0.0;10.2;3.8;41200.0;34.1;-4.6;0.93
2017;Lithuania;5.90199995040894;9.9;-6.1;6.6;4.6;30000.0;34.5;0.3;1.49
2017;Algeria;5.87200021743774;22.2;-0.9;7.2;4.3;15000.0;28.2;-13.8;6.55
2017;Latvia;5.84999990463257;9.7;-6.1;5.9;4.9;25700.0;36.4;0.0;1.47
2017;South Korea;5.83799982070923;8.3;2.5;7.4;4.6;37700.0;22.7;1.0;2.3
2017;Moldova;5.83799982070923;11.5;-9.4;10.3;7.5;5300.0;34.2;-1.8;0.44
2017;Romania;5.82499980926514;8.9;-0.2;5.6;2.9;22300.0;29.5;-2.4;1.42
2017;Bolivia;5.82299995422363;22.0;-0.5;6.3;7.3;7200.0;41.9;-6.4;1.68
2017;Turkmenistan;5.82200002670288;19.1;-1.8;2.1;3.0;17500.0;12.8;-1.3;0.9
2017;Kazakhstan;5.81899976730347;18.1;0.4;4.4;3.1;25200.0;20.3;-0.3;0.82
2017;Slovenia;5.75799989700317;8.2;0.4;9.2;5.5;32200.0;43.6;-1.8;0.92
2017;Peru;5.71500015258789;17.8;-2.2;5.5;3.9;12900.0;26.9;-2.6;1.29
2017;Mauritius;5.62900018692017;13.0;0.0;4.8;5.0;20500.0;21.2;-2.6;0.19
2017;Cyprus;5.62099981307983;11.3;8.7;7.4;6.4;35000.0;39.2;0.4;1.78
2017;Estonia;5.61100006103516;10.1;-3.2;6.4;4.8;29700.0;40.7;0.3;2.17
2017;Belarus;5.56899976730347;10.3;0.7;5.7;4.9;18100.0;40.1;1.3;1.2
2017;Libya;5.52500009536743;17.5;1.9;5.0;4.702238805970149;6300.0;18.7;-52.2;2.0128057553956835
2017;Turkiye;5.5;15.7;-4.5;5.4;4.8;25000.0;21.4;-1.1;1.73
2017;Paraguay;5.49300003051758;16.6;-0.1;9.8;5.0;9400.0;18.2;-1.5;1.25
2017;Philippines;5.42999982833862;23.7;-2.0;4.7;2.7;7700.0;15.2;-2.4;1.28
2017;Serbia;5.39499998092651;9.0;0.0;10.4;4.2;14400.0;43.9;-1.4;1.34
2017;Jordan;5.33599996566772;23.9;0.0;7.5;3.9;12300.0;22.7;-6.2;4.58
2017;Hungary;5.32399988174438;9.0;1.3;7.4;4.2;27500.0;45.1;-1.8;1.01
2017;Jamaica;5.31099987030029;17.9;-4.3;5.4;5.4;9000.0;28.6;0.5;0.82
2017;Croatia;5.29300022125244;8.9;-1.7;7.8;4.6;22900.0;47.6;-0.8;1.38
2017;Kosovo;5.27899980545044;15.4;-2.6;6.77785234899329;4.70223880597015;10000.0;20.8;-3.2;0.78
2017;China;5.27299976348877;12.3;-0.4;5.5;3.5;15400.0;21.4;-3.8;1.9
2017;Pakistan;5.26900005340576;21.9;-1.3;2.6;2.7;5100.0;14.9;-4.5;3.56
2017;Indonesia;5.26200008392334;16.2;-1.1;2.8;3.3;11700.0;12.5;-2.5;0.88
2017;Venezuela;5.25;18.8;-1.2;5.3;6.9;14000.0;34.4;-48.0;1.0
2017;Montenegro;5.23699998855591;10.0;-4.9;6.4;4.70223880597015;16600.0;36.8;-7.5;1.61
2017;Morocco;5.2350001335144;17.7;-3.2;5.9;5.3;8200.0;23.8;-4.5;3.28
2017;Azerbaijan;5.23400020599365;15.8;0.0;6.0;2.6;17500.0;29.2;-0.4;3.64
2017;Dominican Republic;5.23000001907349;18.4;-1.9;4.4;2.1;16100.0;14.7;-2.8;0.64
2017;Greece;5.22700023651123;8.4;2.3;8.1;4.1;26800.0;49.8;0.7;2.56
2017;Lebanon;5.22499990463257;14.3;-20.3;6.4;2.6;19100.0;19.1;-9.5;4.76
2017;Portugal;5.19500017166138;9.0;2.5;9.5;5.3;28900.0;43.0;-2.0;1.84
2017;Bosnia and Herzegovina;5.18200016021729;8.8;-0.4;9.6;4.70223880597015;10900.0;44.1;-0.8;0.99
2017;Honduras;5.18100023269653;22.4;-1.1;8.7;5.9;5300.0;20.2;-2.8;1.59
2017;North Macedonia;5.17500019073486;11.4;-0.5;6.5;4.702238805970149;14600.0;27.8;-2.6;0.97
2017;Somalia;5.15100002288818;39.6;-6.5;6.77785234899329;4.702238805970149;400.0;2.5;-0.1;0.0
2017;Vietnam;5.07399988174438;15.5;-0.3;7.1;5.7;6400.0;24.6;-5.6;2.44
2017;Nigeria;5.07399988174438;36.9;-0.2;3.7;0.5;5900.0;3.0;-2.7;0.43
2017;Tajikistan;5.04099988937378;23.3;-1.1;6.9;5.2;3000.0;32.2;-1.7;1.22
2017;Bhutan;5.01100015640259;17.3;0.0;3.6;7.4;8200.0;30.8;-3.0;2.0128057553956835
2017;Kyrgyzstan;5.00400018692017;22.1;-5.1;6.5;5.5;3500.0;28.5;-4.6;3.15
2017;Nepal;4.96199989318848;19.5;-2.2;5.8;3.7;2500.0;23.1;1.4;1.52
2017;Mongolia;4.95499992370605;18.9;-0.8;4.7;4.6;12300.0;25.2;-15.2;0.92
2017;South Africa;4.8289999961853;20.2;-0.9;8.8;6.1;13300.0;26.9;-3.5;1.07
2017;Tunisia;4.80499982833862;18.2;-1.7;7.0;6.3;11600.0;23.6;-5.4;2.32
2017;Egypt;4.7350001335144;29.6;-0.5;5.6;3.8;12600.0;14.7;-9.8;1.67
2017;Bulgaria;4.71400022506714;8.7;-0.3;8.4;4.1;20400.0;36.6;2.5;1.44
2017;Sierra Leone;4.70900011062622;36.3;-2.1;11.1;2.7;1700.0;14.4;-7.6;0.81
2017;Cameroon;4.69500017166138;35.4;-0.1;4.1;3.0;3300.0;15.9;-6.6;1.6
2017;Iran;4.69199991226196;17.9;-0.2;6.9;2.9;19300.0;18.9;-2.5;2.69
2017;Albania;4.64400005340576;13.2;-3.3;5.9;3.5;11800.0;27.0;-1.8;1.23
2017;Bangladesh;4.60799980163574;18.8;-3.1;2.8;2.2;3900.0;9.9;-4.9;1.44
2017;Namibia;4.57399988174438;27.3;0.0;8.9;8.3;11300.0;32.9;-6.5;4.44
2017;Kenya;4.55299997329712;23.9;-0.2;5.7;5.3;3400.0;18.9;-7.1;1.32
2017;Mozambique;4.55000019073486;38.1;-1.9;7.0;6.5;1200.0;22.3;-9.2;1.03
2017;Myanmar;4.54500007629395;18.1;-1.5;2.3;0.8;5800.0;12.6;-3.1;4.08
2017;Senegal;4.53499984741211;33.4;-1.5;4.7;7.2;2500.0;26.4;-4.3;1.89
2017;Zambia;4.51399993896484;41.5;0.0;5.0;1.1;3900.0;17.1;-9.8;1.53
2017;Iraq;4.49700021743774;30.4;-1.2;5.5;4.7;17200.0;31.2;-15.3;3.63
2017;Gabon;4.46500015258789;34.2;-2.0;3.4;2.7;19000.0;20.3;-6.6;1.43
2017;Ethiopia;4.46000003814697;36.5;-0.2;4.9;4.5;1900.0;15.4;-3.3;0.67
2017;Sri Lanka;4.44000005722046;15.2;-1.3;3.5;2.2;12300.0;14.1;-5.3;2.44
2017;Armenia;4.37599992752075;12.9;-5.7;4.5;2.8;8600.0;23.6;-5.4;4.09
2017;India;4.31500005722046;19.0;0.0;4.7;3.8;6700.0;9.5;-3.5;2.47
2017;Mauritania;4.29199981689453;30.4;-0.8;3.8;2.9;4300.0;26.5;-1.5;2.97
2017;Congo (Brazzaville);4.29099988937378;34.4;-3.8;5.2;6.2;7000.0;26.2;-17.9;7.17
2017;Georgia;4.28599977493286;12.3;-1.6;7.4;2.0;10000.0;28.7;-3.9;2.23
2017;Congo (Kinshasa);4.28000020980835;33.5;-0.2;4.3;2.2;800.0;11.0;-0.2;1.34
2017;Mali;4.19000005722046;43.9;-3.9;6.9;3.6;2100.0;18.4;-4.0;2.63
2017;Ivory Coast;4.17999982833862;27.7;0.0;5.7;4.7;3600.0;19.1;-3.9;1.18
2017;Cambodia;4.16800022125244;23.0;-0.3;5.7;1.9;3700.0;20.2;-0.9;1.85
2017;Sudan;4.13899993896484;27.9;-4.1;8.4;2.2;4500.0;7.6;-4.7;2.83
2017;Ghana;4.11999988555908;30.5;-1.8;3.6;6.2;4400.0;19.9;-7.8;0.38
2017;Ukraine;4.09600019454956;10.3;0.0;7.1;6.0;8300.0;32.9;-2.2;3.67
2017;Uganda;4.08099985122681;42.9;-0.7;7.2;1.7;2300.0;14.1;-4.5;1.57
2017;Burkina Faso;4.03200006484985;41.2;0.0;5.0;3.9;1800.0;20.0;-3.2;1.23
2017;Niger;4.02799987792969;44.2;-0.5;5.8;6.7;1100.0;20.7;-6.6;4.0
2017;Malawi;3.97000002861023;41.0;0.0;11.4;5.6;1100.0;20.2;-5.5;0.61
2017;Chad;3.93600010871887;35.6;-3.2;3.6;2.9;2400.0;10.4;-4.6;2.79
2017;Zimbabwe;3.875;34.2;-8.5;6.4;8.4;2200.0;24.7;-9.9;2.2
2017;Lesotho;3.80800008773804;24.6;-6.8;10.6;13.0;3600.0;40.5;-7.2;1.85
2017;Angola;3.79500007629395;44.2;0.2;3.3;3.5;6800.0;29.9;-6.2;2.95
2017;Afghanistan;3.79399991035461;37.9;-0.9;8.2;3.4;2000.0;10.5;-24.6;0.89
2017;Botswana;3.76600003242493;22.1;3.0;5.4;9.6;17300.0;34.2;-0.7;3.37
2017;Benin;3.65700006484985;35.0;0.0;4.6;4.3;2100.0;15.4;-6.0;1.14
2017;Madagascar;3.64400005340576;31.6;0.0;3.0;2.1;1500.0;12.3;-4.2;0.59
2017;Haiti;3.6029999256134;23.0;-2.0;7.6;2.4;1800.0;17.9;-6.3;2.012805755395684
2017;Yemen;3.59299993515015;28.4;0.4;5.6;4.6;2400.0;6.2;-11.8;3.97
2017;South Sudan;3.59100008010864;35.5;10.6;2.7;0.8;1700.0;15.0;-62.5;10.93
2017;Liberia;3.53299999237061;38.3;-5.7;10.0;2.8;900.0;30.2;-3.9;0.62
2017;Guinea;3.50699996948242;35.1;0.0;5.6;3.2;1900.0;20.4;-4.0;2.49
2017;Togo;3.49499988555908;33.3;0.0;5.2;5.3;1500.0;27.7;-5.7;1.86
2017;Rwanda;3.47099995613098;30.7;0.2;7.5;5.0;2000.0;23.3;-3.7;1.21
2017;Syria;3.46199989318848;21.2;-2.1;3.3;5.1;2900.0;2.0;-9.7;2.012805755395684
2017;Tanzania;3.34899997711182;35.6;-0.5;5.6;3.5;3100.0;14.0;-3.3;1.14
2017;Burundi;2.90499997138977;41.3;0.0;7.5;5.4;800.0;16.9;-4.5;2.21
2017;Central African Republic;2.69300007820129;34.3;0.0;4.2;1.2;700.0;14.1;1.3;1.41
2018;Finland;7.632;10.7;2.9;9.7;7.2;44500.0;53.1;-0.6;1.23
2018;Norway;7.594;12.2;5.9;9.7;7.7;72100.0;54.4;4.4;1.61
2018;Denmark;7.555;10.9;2.1;10.8;7.6;50100.0;53.0;1.1;1.21
2018;Iceland;7.495;13.6;4.0;8.9;7.8;52200.0;42.4;1.5;0.1
2018;Switzerland;7.487;10.5;4.7;11.7;5.1;62100.0;35.7;1.1;0.71
2018;Netherlands;7.441;10.9;1.9;10.9;5.5;53900.0;43.4;1.1;1.35
2018;Canada;7.328;10.2;5.7;10.4;5.3;48400.0;39.3;-1.0;1.29
2018;New Zealand;7.324;13.1;2.2;11.0;6.3;39000.0;36.8;1.6;1.1
2018;Sweden;7.314;12.1;5.3;11.9;7.7;51200.0;50.6;1.3;1.0
2018;Australia;7.272;12.0;5.5;9.4;5.2;50400.0;35.5;-0.5;2.0
2018;United Kingdom;7.19;12.0;2.5;9.1;5.6;44300.0;39.1;-1.9;2.2
2018;Austria;7.139;9.5;4.8;11.2;5.4;50000.0;48.3;-0.7;0.58
2018;Costa Rica;7.072;15.3;0.8;9.3;7.1;16900.0;14.3;-6.1;0.7
2018;Ireland;6.977;13.8;4.0;7.8;4.9;73200.0;26.0;-0.3;0.34
2018;Germany;6.965;8.6;1.5;11.3;4.9;50800.0;45.0;1.3;1.24
2018;Belgium;6.927;11.3;5.4;10.6;6.6;46600.0;51.3;-1.0;0.93
2018;Luxembourg;6.91;11.6;15.5;6.6;4.0;105100.0;44.4;1.5;0.55
2018;United States;6.886;12.4;3.9;17.1;5.0;59800.0;17.0;-3.4;3.29
2018;Israel;6.814;17.9;2.2;7.8;5.7;36400.0;26.5;-2.0;5.62
2018;United Arab Emirates;6.774;9.8;10.5;3.6;3.1;68600.0;28.8;-0.2;4.86
2018;Czechia;6.711;9.2;2.3;7.4;4.0;35500.0;40.5;1.6;0.98
2018;Malta;6.627;10.0;2.0;9.7;7.2;41900.0;40.4;3.9;0.53
2018;France;6.489;12.1;1.1;11.5;5.5;44100.0;53.8;-2.6;1.79
2018;Mexico;6.488;18.1;-1.8;6.3;5.3;19900.0;22.7;-1.1;0.58
2018;Chile;6.476;13.4;0.3;7.8;4.9;24600.0;20.8;-2.8;1.87
2018;Taiwan;6.441;8.2;0.9;6.760666666666666;4.6742647058823525;50500.0;16.0;-0.1;1.78
2018;Panama;6.43;17.6;-0.2;8.0;3.2;25400.0;20.1;-1.6;1.4
2018;Brazil;6.419;13.9;-0.1;8.3;5.9;15600.0;35.7;-1.1;1.32
2018;Argentina;6.388;16.5;-0.1;4.8;5.9;20900.0;18.9;-6.0;0.95
2018;Guatemala;6.382;24.6;-1.9;6.2;2.8;8200.0;10.8;-1.3;0.37
2018;Uruguay;6.379;13.0;-0.9;8.6;4.4;22400.0;29.8;-3.5;1.85
2018;Qatar;6.374;9.5;14.6;2.2;3.6;124100.0;26.4;-5.8;1.9454225352112675
2018;Saudi Arabia;6.371;15.6;-0.5;4.7;5.1;54500.0;26.4;-8.9;9.85
2018;Singapore;6.343;8.7;13.1;4.9;2.9;94100.0;15.7;-0.3;3.12
2018;Malaysia;6.322;18.8;-0.3;4.2;4.8;29100.0;16.4;-3.0;1.11
2018;Spain;6.31;9.0;7.8;9.0;4.3;38400.0;37.9;-3.1;0.93
2018;Colombia;6.26;15.8;-0.6;7.2;4.5;14400.0;26.5;-2.7;3.5
2018;Trinidad and Tobago;6.192;12.3;-5.9;5.9;4.6742647058823525;31300.0;24.5;-8.2;1.12
2018;Slovakia;6.173;9.6;0.1;8.1;4.6;33100.0;39.4;-1.0;1.16
2018;El Salvador;6.167;16.1;-8.0;6.8;3.5;8000.0;23.7;-2.5;0.87
2018;Nicaragua;6.141;17.5;-2.7;9.0;4.5;5900.0;28.0;-2.0;0.61
2018;Poland;6.123;9.3;-0.4;6.4;4.9;29600.0;39.5;-1.7;1.99
2018;Bahrain;6.105;13.1;12.1;5.0;2.7;49000.0;16.6;-10.1;4.59
2018;Uzbekistan;6.096;16.6;-2.2;5.8;6.3;6900.0;31.2;0.3;4.0
2018;Kuwait;6.083;18.8;-2.4;3.0;3.8;65800.0;41.8;-10.0;4.83
2018;Thailand;6.072;11.0;0.0;6.5;4.1;17900.0;15.2;-3.5;1.5
2018;Italy;6.0;8.5;3.7;9.2;4.1;38200.0;46.6;-2.3;1.12
2018;Ecuador;5.973;17.6;0.0;9.2;5.0;11500.0;32.0;-4.5;1.7
2018;Belize;5.956;22.9;0.0;5.8;7.4;8300.0;29.9;-1.0;1.17
2018;Lithuania;5.952;9.8;-6.1;6.6;4.5;32400.0;33.7;0.5;2.0
2018;Slovenia;5.948;9.2;0.4;9.2;5.3;34500.0;43.1;0.0;0.98
2018;Romania;5.945;8.7;-0.2;5.6;3.1;24600.0;29.3;-2.8;1.42
2018;Latvia;5.933;9.6;-6.1;5.9;5.3;27700.0;37.5;-0.5;1.7
2018;Japan;5.915;7.5;0.0;10.2;3.6;42900.0;35.2;-3.5;0.93
2018;Mauritius;5.891;12.8;0.0;4.8;5.1;22300.0;22.5;-0.3;0.19
2018;Jamaica;5.89;16.5;-4.3;5.4;5.4;9200.0;29.7;0.5;0.82
2018;South Korea;5.875;8.3;2.5;7.4;5.1;39500.0;23.2;1.4;2.7
2018;Russia;5.81;10.7;1.7;7.1;3.8;27900.0;16.4;-1.4;4.24
2018;Kazakhstan;5.79;17.5;0.4;4.4;3.0;26300.0;22.3;-1.8;0.82
2018;Cyprus;5.762;11.2;8.7;7.4;6.1;37200.0;39.9;1.8;1.78
2018;Bolivia;5.752;21.6;-0.5;6.3;7.3;7600.0;39.9;-7.8;1.5
2018;Estonia;5.739;9.9;-3.2;6.4;5.5;31700.0;39.9;-0.3;2.17
2018;Paraguay;5.681;16.6;-0.1;9.8;5.0;12800.0;14.2;-1.1;1.25
2018;Peru;5.663;17.6;-2.2;5.5;3.8;13500.0;27.1;-3.1;0.9
2018;Kosovo;5.662;15.4;-2.6;6.760666666666666;4.6742647058823525;10900.0;29.0;-2.1;0.79
2018;Moldova;5.64;11.2;-9.4;10.3;6.7;6700.0;30.2;-0.6;0.37
2018;Turkmenistan;5.636;18.9;-1.8;2.1;3.0;18200.0;14.9;-2.8;0.9
2018;Hungary;5.62;8.9;1.3;7.4;4.6;29600.0;44.5;-2.0;1.01
2018;Libya;5.566;17.2;1.9;5.0;4.6742647058823525;9600.0;51.6;-25.1;1.9454225352112675
2018;Philippines;5.524;23.4;-2.0;4.7;2.7;8400.0;15.6;-2.2;1.28
2018;Honduras;5.504;22.0;-1.1;8.7;5.9;5600.0;20.3;-2.7;1.59
2018;Belarus;5.483;10.0;0.7;5.7;5.0;18900.0;40.7;2.9;0.93
2018;Turkiye;5.483;15.4;-4.5;5.4;4.4;27000.0;20.3;-1.5;1.73
2018;Pakistan;5.472;21.6;-1.3;2.6;2.8;5400.0;15.4;-5.8;3.56
2018;Portugal;5.41;8.2;2.5;9.5;5.1;30500.0;42.9;-3.0;1.36
2018;Serbia;5.398;8.9;0.0;10.4;4.0;15100.0;42.7;0.2;1.34
2018;Greece;5.358;8.3;2.3;8.1;4.1;27800.0;48.8;0.8;2.4
2018;Lebanon;5.358;14.1;-20.3;6.4;2.5;19600.0;21.5;-6.9;2.91
2018;Montenegro;5.347;11.9;-4.9;6.4;4.6742647058823525;17800.0;37.2;-5.6;1.7
2018;Croatia;5.321;8.8;-1.7;7.8;4.6;24700.0;46.1;0.8;1.27
2018;Dominican Republic;5.302;18.9;-1.9;4.4;2.1;17000.0;14.9;-3.0;0.64
2018;Algeria;5.295;21.5;-0.9;7.2;4.3;15200.0;32.3;-9.6;5.81
2018;Morocco;5.254;17.5;-3.2;5.9;5.3;8600.0;20.9;-3.6;3.2
2018;China;5.246;12.1;-0.4;5.5;3.5;16700.0;21.3;-3.8;2.0
2018;Azerbaijan;5.201;15.3;0.0;6.0;3.0;17500.0;23.5;-1.6;3.64
2018;Tajikistan;5.199;22.8;-1.1;6.9;5.2;3200.0;31.8;-1.5;1.19
2018;North Macedonia;5.185;10.8;-0.5;6.5;4.6742647058823525;14900.0;29.0;-2.7;0.9
2018;Jordan;5.161;23.6;0.0;7.5;3.9;9200.0;23.6;-5.1;4.8
2018;Nigeria;5.155;35.2;-0.2;3.7;0.5;5900.0;3.4;-1.8;0.43
2018;Kyrgyzstan;5.131;21.6;-5.1;6.5;6.0;3700.0;28.7;-3.2;3.15
2018;Bosnia and Herzegovina;5.129;8.7;-0.4;9.6;4.6742647058823525;12800.0;44.0;2.1;0.99
2018;Mongolia;5.125;18.2;-0.8;4.7;5.2;13000.0;26.6;-6.4;0.72
2018;Vietnam;5.103;15.2;-0.3;7.1;5.7;6900.0;24.8;-6.7;2.44
2018;Indonesia;5.093;15.9;-1.1;2.8;3.6;12400.0;13.0;-2.7;0.84
2018;Bhutan;5.082;17.0;0.0;3.6;7.4;9000.0;27.2;-3.4;1.9454225352112675
2018;Somalia;4.982;39.3;-6.5;6.760666666666668;4.674264705882353;400.0;2.1;-0.1;0.0
2018;Cameroon;4.975;35.0;-0.1;4.1;2.8;3700.0;15.3;-3.4;1.6
2018;Bulgaria;4.933;8.5;-0.3;8.4;4.1;21800.0;35.7;1.8;1.53
2018;Nepal;4.88;19.1;-2.2;5.8;3.7;2700.0;23.8;-0.1;1.52
2018;Venezuela;4.806;18.5;-1.2;5.3;6.9;12500.0;44.2;-46.1;1.0
2018;Gabon;4.758;26.5;-2.0;3.4;2.7;18100.0;17.6;-1.9;1.43
2018;South Africa;4.724;19.9;-0.9;8.8;5.9;13600.0;26.6;-4.4;1.07
2018;Iran;4.707;17.4;-0.2;6.9;3.4;20100.0;17.3;-2.3;2.69
2018;Ivory Coast;4.671;30.1;0.0;5.7;4.8;3900.0;19.1;-4.2;1.18
2018;Ghana;4.657;30.2;-1.8;3.6;6.2;4700.0;20.3;-6.0;0.4
2018;Senegal;4.631;32.9;-1.5;4.7;7.1;3500.0;19.6;-3.6;1.89
2018;Laos;4.623;23.2;-1.1;1.9;2.9;7400.0;18.3;-5.5;0.2
2018;Tunisia;4.592;17.4;-1.7;7.0;6.6;11900.0;24.7;-5.8;2.03
2018;Albania;4.586;13.2;-3.3;8.2;3.5;12500.0;27.6;-2.0;1.22
2018;Sierra Leone;4.571;36.0;-2.1;11.1;2.9;1600.0;15.6;-7.9;0.81
2018;Congo (Brazzaville);4.559;33.7;-2.8;5.2;6.2;6800.0;22.5;-7.0;7.17
2018;Bangladesh;4.5;18.6;-3.1;2.8;2.5;4200.0;9.6;-3.2;1.44
2018;Sri Lanka;4.471;14.8;-1.3;3.5;3.5;12900.0;13.8;-5.5;2.14
2018;Iraq;4.456;30.0;-1.2;5.5;4.7;16700.0;35.7;-4.2;3.63
2018;Mali;4.447;43.2;-3.9;6.9;3.8;2200.0;20.0;-2.9;2.63
2018;Namibia;4.441;26.8;0.0;8.9;8.3;11200.0;32.2;-5.5;4.44
2018;Cambodia;4.433;22.5;-0.3;5.7;1.9;4000.0;17.9;-1.8;1.85
2018;Burkina Faso;4.424;36.9;0.0;5.0;4.2;1900.0;21.2;-7.9;1.23
2018;Egypt;4.419;28.8;-0.5;5.6;3.8;12700.0;17.9;-8.6;1.67
2018;Mozambique;4.417;37.8;-1.9;7.0;6.5;1300.0;26.7;-5.6;1.03
2018;Kenya;4.41;22.6;-0.2;5.7;5.3;3500.0;17.6;-6.7;1.4
2018;Zambia;4.377;41.1;0.0;5.0;1.1;4000.0;17.4;-7.3;1.53
2018;Mauritania;4.356;29.9;-0.8;3.8;2.6;4500.0;27.4;-0.8;2.97
2018;Ethiopia;4.35;36.0;-0.2;4.9;4.5;2200.0;13.9;-3.2;0.67
2018;Georgia;4.34;12.1;-1.6;7.4;3.8;10700.0;28.7;-3.8;2.23
2018;Armenia;4.321;12.6;-5.7;4.5;2.8;9500.0;22.9;-4.8;4.09
2018;Myanmar;4.308;17.7;-1.5;2.3;0.8;6300.0;13.5;-3.2;4.08
2018;Chad;4.301;43.0;-3.2;3.6;2.9;2300.0;13.5;-1.5;2.79
2018;Congo (Kinshasa);4.245;32.8;-0.1;4.3;2.3;800.0;11.2;-0.9;1.34
2018;India;4.19;18.7;0.0;4.7;3.8;7200.0;9.2;-3.5;2.47
2018;Niger;4.166;43.6;-0.5;5.8;6.0;1200.0;21.4;-5.0;4.0
2018;Uganda;4.161;42.4;-0.7;7.2;2.3;2400.0;14.5;-4.1;1.57
2018;Benin;4.141;34.5;0.0;4.6;4.4;2300.0;17.1;-6.2;1.14
2018;Sudan;4.139;34.2;-4.1;8.4;2.2;4300.0;18.5;-10.6;2.83
2018;Ukraine;4.103;10.1;0.0;7.1;5.9;8800.0;26.6;-1.5;3.5
2018;Togo;3.999;32.8;0.0;5.2;5.1;1700.0;21.5;-3.8;1.86
2018;Guinea;3.964;36.4;0.0;5.6;2.4;2200.0;16.6;-0.5;2.49
2018;Lesotho;3.808;24.2;-6.8;10.6;11.4;3300.0;39.7;-6.0;1.85
2018;Angola;3.795;43.7;0.2;3.3;3.5;6800.0;29.3;-6.7;2.95
2018;Madagascar;3.774;31.0;0.0;3.0;2.1;1600.0;15.9;-2.7;0.53
2018;Zimbabwe;3.692;34.0;-8.5;6.4;8.4;2300.0;21.5;-9.6;2.2
2018;Afghanistan;3.632;37.5;-0.9;8.2;3.2;2000.0;11.2;-15.1;0.89
2018;Botswana;3.59;21.7;3.0;5.4;9.6;17000.0;30.5;-1.0;3.37
2018;Malawi;3.587;40.7;0.0;11.4;4.7;1200.0;21.7;-3.4;0.61
2018;Haiti;3.582;22.6;-2.0;7.6;2.4;1800.0;18.2;-1.0;1.9454225352112675
2018;Liberia;3.495;37.9;-5.7;10.0;2.8;1300.0;16.9;-4.3;0.62
2018;Syria;3.462;20.7;-2.1;3.3;5.1;2900.0;4.2;-8.7;1.9454225352112675
2018;Rwanda;3.408;29.8;0.2;7.5;3.5;2100.0;21.3;-4.3;1.21
2018;Yemen;3.355;27.6;0.4;5.6;4.6;2500.0;9.0;-5.2;3.97
2018;Tanzania;3.303;35.3;-0.5;5.6;3.5;3200.0;15.2;-1.8;1.14
2018;South Sudan;3.254;36.9;10.6;2.7;1.8;1600.0;8.5;-1.3;10.93
2018;Central African Republic;3.083;34.0;0.0;4.2;1.2;700.0;14.6;-0.9;1.41
2018;Burundi;2.905;40.9;0.0;7.5;5.4;700.0;15.8;-5.7;2.21
2019;Finland;7.769;10.7;2.8;9.5;6.9;44500.0;53.1;-0.6;1.29
2019;Denmark;7.6;10.9;4.3;10.4;7.6;50100.0;53.0;1.1;1.32
2019;Norway;7.554;12.2;5.3;10.5;8.0;72100.0;54.4;4.4;1.8
2019;Iceland;7.494;13.6;3.7;8.3;7.5;52200.0;42.4;1.5;0.3
2019;Netherlands;7.488;10.9;1.9;10.4;5.5;53900.0;43.4;1.1;1.36
2019;Switzerland;7.48;10.5;4.6;12.2;5.1;62100.0;35.7;1.1;0.68
2019;Sweden;7.343;12.1;5.3;10.9;7.7;51200.0;50.6;1.3;1.04
2019;New Zealand;7.307;13.1;2.2;9.2;6.4;39000.0;36.8;1.6;1.16
2019;Canada;7.278;10.2;5.7;10.5;5.3;48400.0;39.3;-1.0;1.31
2019;Austria;7.246;9.5;4.4;10.4;5.5;50000.0;48.3;-0.7;0.58
2019;Australia;7.228;12.0;5.4;9.3;5.3;50400.0;35.5;-0.5;1.89
2019;Costa Rica;7.167;15.3;0.8;7.6;7.4;16900.0;14.3;-6.1;0.7
2019;Israel;7.139;17.9;2.1;7.3;5.8;36400.0;26.5;-2.0;5.1
2019;Luxembourg;7.09;11.6;14.8;6.2;3.9;105100.0;44.4;1.5;0.56
2019;United Kingdom;7.054;12.0;2.5;9.8;5.5;44300.0;39.1;-1.9;2.14
2019;Ireland;7.021;13.8;4.0;7.4;3.7;73200.0;26.0;-0.3;0.33
2019;Germany;6.985;8.6;1.5;11.1;4.8;50800.0;45.0;1.3;1.38
2019;Belgium;6.923;11.3;5.2;10.0;6.5;46600.0;51.3;-1.0;0.93
2019;United States;6.892;12.4;3.8;17.1;5.0;59800.0;17.0;-3.4;3.42
2019;Czechia;6.852;9.2;2.3;7.1;5.6;35500.0;40.5;1.6;1.19
2019;United Arab Emirates;6.825;9.8;6.3;3.5;3.1;68600.0;28.8;-0.2;5.7
2019;Malta;6.726;10.0;7.8;9.3;5.3;41900.0;40.4;3.9;0.49
2019;Mexico;6.595;18.1;-1.8;5.5;4.9;19900.0;22.7;-1.1;0.54
2019;France;6.592;12.1;1.1;11.5;5.4;44100.0;53.8;-2.6;1.84
2019;Taiwan;6.446;8.2;0.9;6.758783783783784;4.493233082706767;50500.0;16.0;-0.1;1.78
2019;Chile;6.444;13.4;0.3;8.5;5.4;24600.0;20.8;-2.8;1.89
2019;Guatemala;6.436;24.6;-2.4;5.8;2.8;8200.0;10.8;-1.3;0.35
2019;Saudi Arabia;6.375;15.6;4.1;5.7;5.1;54500.0;26.4;-8.9;8.78
2019;Qatar;6.374;9.5;11.5;3.1;2.9;124100.0;26.4;-5.8;1.850839160839161
2019;Spain;6.354;9.0;7.5;9.0;4.2;38400.0;37.9;-3.1;0.92
2019;Panama;6.321;17.6;-0.2;7.3;3.2;25400.0;20.1;-1.6;1.4
2019;Brazil;6.3;13.9;-0.1;11.8;6.2;15600.0;35.7;-1.1;1.48
2019;Uruguay;6.293;13.0;-0.9;9.1;4.9;22400.0;29.8;-3.5;1.95
2019;Singapore;6.262;8.7;12.7;4.3;2.9;94100.0;15.7;-0.3;3.3
2019;El Salvador;6.253;16.1;-7.8;7.0;3.8;8000.0;23.7;-2.5;1.03
2019;Italy;6.223;8.5;3.6;8.9;3.8;38200.0;46.6;-2.3;1.22
2019;Bahrain;6.199;13.1;11.6;4.9;2.3;49000.0;16.6;-10.1;3.6
2019;Slovakia;6.198;9.6;0.1;7.1;3.9;33100.0;39.4;-1.0;1.74
2019;Trinidad and Tobago;6.192;12.3;-5.8;6.5;4.493233082706767;31300.0;24.5;-8.2;0.78
2019;Poland;6.182;9.3;-0.4;6.5;4.6;29600.0;39.5;-1.7;2.0
2019;Uzbekistan;6.174;16.6;-2.1;6.3;6.3;6900.0;31.2;0.3;4.0
2019;Lithuania;6.149;9.8;-6.1;6.7;4.2;32400.0;33.7;0.5;2.03
2019;Colombia;6.125;15.8;-0.6;5.9;4.5;14400.0;26.5;-2.7;3.5
2019;Slovenia;6.118;9.2;1.0;8.5;4.8;34500.0;43.1;0.0;1.04
2019;Nicaragua;6.105;17.5;-2.6;8.7;4.3;5900.0;28.0;-2.0;0.61
2019;Kosovo;6.1;15.4;-2.6;6.758783783783783;4.493233082706767;10900.0;29.0;-2.1;0.8
2019;Argentina;6.086;16.5;-0.1;7.5;5.5;20900.0;18.9;-6.0;0.86
2019;Romania;6.07;8.7;-0.2;5.0;3.1;24600.0;29.3;-2.8;2.04
2019;Cyprus;6.046;11.2;8.3;6.9;6.4;37200.0;39.9;1.8;1.57
2019;Ecuador;6.028;17.6;0.0;8.4;5.0;11500.0;32.0;-4.5;2.38
2019;Kuwait;6.021;18.8;-2.8;3.9;3.8;65800.0;41.8;-10.0;5.06
2019;Thailand;6.008;11.0;0.0;3.7;4.1;17900.0;15.2;-3.5;1.33
2019;Latvia;5.94;9.6;-6.0;6.2;5.3;27700.0;37.5;-0.5;2.01
2019;South Korea;5.895;8.3;2.4;7.3;5.3;39500.0;23.2;1.4;2.62
2019;Estonia;5.893;9.9;-3.1;6.7;5.2;31700.0;39.9;-0.3;2.14
2019;Jamaica;5.89;16.5;-9.4;6.1;5.4;9200.0;29.7;0.5;1.35
2019;Mauritius;5.888;12.8;0.0;5.7;4.8;22300.0;22.5;-0.3;0.16
2019;Japan;5.886;7.5;0.0;10.9;3.5;42900.0;35.2;-3.5;0.93
2019;Honduras;5.86;22.0;-1.1;8.4;6.0;5600.0;20.3;-2.7;1.71
2019;Kazakhstan;5.809;17.5;0.4;3.5;2.8;26300.0;22.3;-1.8;0.95
2019;Bolivia;5.779;21.6;-0.4;6.9;7.3;7600.0;39.9;-7.8;1.5
2019;Hungary;5.758;8.9;1.3;7.4;4.7;29600.0;44.5;-2.0;1.21
2019;Paraguay;5.743;16.6;-0.1;8.0;3.4;12800.0;14.2;-1.1;0.93
2019;Peru;5.697;17.6;-2.1;5.1;3.9;13500.0;27.1;-3.1;1.19
2019;Portugal;5.693;8.2;-0.2;9.1;4.9;30500.0;42.9;-3.0;1.52
2019;Pakistan;5.653;21.6;-1.2;2.8;2.9;5400.0;15.4;-5.8;4.03
2019;Russia;5.648;10.7;1.7;5.3;3.7;27900.0;16.4;-1.4;3.93
2019;Philippines;5.631;23.4;-1.9;4.4;2.7;8400.0;15.6;-2.2;1.13
2019;Serbia;5.603;8.9;0.0;9.1;4.0;15100.0;42.7;0.2;1.39
2019;Moldova;5.529;11.2;-9.3;9.0;6.7;6700.0;30.2;-0.6;0.35
2019;Libya;5.525;17.2;0.9;5.0;4.493233082706767;9600.0;51.6;-25.1;1.8508391608391608
2019;Montenegro;5.523;11.9;-4.9;7.6;4.493233082706767;17800.0;37.2;-5.6;1.66
2019;Tajikistan;5.467;22.8;-1.1;7.0;5.2;3200.0;31.8;-1.5;1.22
2019;Croatia;5.432;8.8;-1.4;7.2;4.6;24700.0;46.1;0.8;1.68
2019;Dominican Republic;5.425;18.9;-2.6;6.2;2.1;17000.0;14.9;-3.0;0.74
2019;Bosnia and Herzegovina;5.386;8.7;-0.4;9.2;4.493233082706767;12800.0;44.0;2.1;1.11
2019;Turkiye;5.373;15.4;-4.5;4.3;4.3;27000.0;20.3;-1.5;1.89
2019;Malaysia;5.339;18.8;-0.3;3.8;4.7;29100.0;16.4;-3.0;0.98
2019;Belarus;5.323;10.0;0.7;6.3;4.8;18900.0;40.7;2.9;1.27
2019;Greece;5.287;8.3;2.3;8.5;4.1;27800.0;48.8;0.8;2.28
2019;Mongolia;5.285;18.2;-0.8;3.8;4.1;13000.0;26.6;-6.4;0.68
2019;North Macedonia;5.274;10.8;0.7;6.3;4.493233082706767;14900.0;29.0;-2.7;1.19
2019;Nigeria;5.265;35.2;-0.2;3.6;0.5;5900.0;3.4;-1.8;0.51
2019;Kyrgyzstan;5.261;21.6;-5.1;6.6;7.2;3700.0;28.7;-3.2;1.57
2019;Turkmenistan;5.247;18.9;-1.8;6.6;3.1;18200.0;14.9;-2.8;0.9
2019;Algeria;5.211;21.5;-0.9;6.6;4.3;15200.0;32.3;-9.6;5.27
2019;Morocco;5.208;17.5;-3.1;5.8;5.3;8600.0;20.9;-3.6;3.1
2019;Azerbaijan;5.208;15.3;0.0;6.9;2.5;17500.0;23.5;-1.6;3.77
2019;Lebanon;5.197;14.1;-40.3;8.0;2.5;19600.0;21.5;-6.9;4.99
2019;Indonesia;5.192;15.9;-1.1;3.1;3.6;12400.0;13.0;-2.7;0.72
2019;China;5.191;12.1;-0.4;5.0;3.5;18200.0;21.3;-3.8;1.87
2019;Vietnam;5.175;15.2;-0.3;5.7;5.7;6900.0;24.8;-6.7;2.3
2019;Bhutan;5.082;17.0;0.0;3.5;6.6;9000.0;27.2;-3.4;1.850839160839161
2019;Cameroon;5.044;35.0;-0.1;4.7;3.1;3700.0;15.3;-3.4;1.25
2019;Bulgaria;5.011;8.5;-0.3;8.2;4.1;21800.0;35.7;1.8;3.25
2019;Ghana;4.996;30.2;-1.7;4.4;3.6;4700.0;20.3;-6.0;0.41
2019;Ivory Coast;4.944;30.1;1.3;4.4;5.1;3900.0;19.1;-4.2;1.36
2019;Nepal;4.913;19.1;-2.5;6.3;5.2;2700.0;23.8;-0.1;1.44
2019;Jordan;4.906;23.6;0.0;5.5;3.6;9200.0;23.6;-5.1;4.68
2019;Benin;4.883;34.5;0.0;3.9;4.0;2300.0;17.1;-6.2;0.86
2019;Congo (Brazzaville);4.812;33.7;-2.8;4.6;4.6;6800.0;22.5;-7.0;2.55
2019;Gabon;4.799;26.5;7.0;3.1;2.7;18100.0;17.6;-1.9;1.53
2019;Laos;4.796;23.2;-1.0;2.4;2.9;7400.0;18.3;-5.5;0.19
2019;South Africa;4.722;19.9;-0.9;8.1;6.2;13600.0;26.6;-4.4;0.98
2019;Albania;4.719;13.2;-3.3;6.7;4.0;12500.0;27.6;-2.0;1.26
2019;Venezuela;4.707;18.5;-1.2;3.2;6.9;12500.0;44.2;-46.1;0.49
2019;Cambodia;4.7;22.5;-0.3;6.1;1.9;4000.0;17.9;-1.8;2.21
2019;Senegal;4.681;32.9;-1.4;5.5;4.8;3500.0;19.6;-3.6;1.38
2019;Somalia;4.668;39.3;-5.6;6.758783783783783;4.493233082706767;400.0;2.1;-0.1;0.0
2019;Namibia;4.639;26.8;0.0;9.1;3.1;11200.0;32.2;-5.5;3.35
2019;Niger;4.628;43.6;-0.5;6.2;3.5;1200.0;21.4;-5.0;2.45
2019;Burkina Faso;4.587;36.9;-0.7;6.8;4.2;1900.0;21.2;-7.9;2.06
2019;Armenia;4.559;12.6;-5.6;9.9;2.7;9500.0;22.9;-4.8;4.25
2019;Iran;4.548;17.4;-0.2;8.1;4.0;20100.0;17.3;-2.3;2.67
2019;Guinea;4.534;36.4;0.0;5.5;2.2;2200.0;16.6;-0.5;2.47
2019;Georgia;4.519;12.1;-1.1;8.4;3.8;10700.0;28.7;-3.8;2.3
2019;Gambia;4.516;28.6;-1.8;4.4;2.1;2600.0;20.3;-2.6;3.0
2019;Kenya;4.509;22.6;-0.2;4.5;5.2;3500.0;17.6;-6.7;1.3
2019;Mauritania;4.49;29.9;-0.8;4.2;2.6;4500.0;27.4;-0.8;3.02
2019;Mozambique;4.466;37.8;-1.8;5.1;6.5;1300.0;26.7;-5.6;0.99
2019;Tunisia;4.461;17.4;-1.6;7.0;6.6;11900.0;24.7;-5.8;2.09
2019;Bangladesh;4.456;18.6;-3.0;2.4;2.0;4200.0;9.6;-3.2;1.37
2019;Iraq;4.437;30.0;-1.1;3.3;4.7;16700.0;35.7;-4.2;2.73
2019;Congo (Kinshasa);4.418;32.8;-0.1;3.9;1.5;800.0;11.2;-0.9;0.67
2019;Mali;4.39;43.2;-3.9;3.8;3.1;2200.0;20.0;-2.9;2.87
2019;Sierra Leone;4.374;36.0;-1.8;16.5;4.6;1600.0;15.6;-7.9;0.8
2019;Sri Lanka;4.366;14.8;-1.3;3.9;2.8;12900.0;13.8;-5.5;1.89
2019;Myanmar;4.36;17.7;-1.5;5.1;2.2;6300.0;13.5;-3.2;2.93
2019;Chad;4.35;43.0;-0.1;4.5;2.9;2300.0;13.5;-1.5;2.13
2019;Ukraine;4.332;10.1;4.6;6.7;5.4;8800.0;26.6;-1.5;3.78
2019;Ethiopia;4.286;36.0;-0.2;4.0;4.7;2200.0;13.9;-3.2;0.64
2019;Eswatini;4.212;25.8;-6.9;7.7;7.1;10100.0;28.6;-8.5;1.5
2019;Uganda;4.189;42.4;-0.7;6.2;2.6;2400.0;14.5;-4.1;1.43
2019;Egypt;4.166;28.8;-0.4;4.6;3.8;12700.0;17.9;-8.6;1.25
2019;Zambia;4.107;41.1;0.0;4.5;1.1;4000.0;17.4;-7.3;1.25
2019;Togo;4.085;32.8;0.0;6.6;5.0;1700.0;21.5;-3.8;1.97
2019;India;4.015;18.7;0.0;3.7;3.8;7200.0;9.2;-3.5;2.42
2019;Liberia;3.975;37.9;-4.7;9.6;3.8;1300.0;16.9;-4.3;0.77
2019;Comoros;3.973;25.3;-2.4;7.6;2.5;1600.0;25.3;-6.5;1.8508391608391608
2019;Madagascar;3.933;31.0;0.0;6.0;2.8;1600.0;15.9;-2.7;0.6
2019;Lesotho;3.802;24.2;-6.6;8.1;6.4;3300.0;39.7;-6.0;1.81
2019;Burundi;3.775;40.9;0.0;6.2;4.8;700.0;15.8;-5.7;1.88
2019;Zimbabwe;3.663;34.0;-7.3;9.4;6.1;2300.0;21.5;-9.6;2.17
2019;Haiti;3.597;22.6;-2.0;5.4;2.4;1800.0;18.2;-1.0;1.8508391608391606
2019;Botswana;3.488;21.7;3.0;5.5;9.6;17000.0;30.5;-1.0;2.78
2019;Syria;3.462;20.7;57.0;3.3;5.1;2900.0;4.2;-8.7;1.8508391608391612
2019;Malawi;3.41;40.7;0.0;9.8;4.0;1200.0;21.7;-3.4;0.85
2019;Yemen;3.38;27.6;0.1;5.6;4.6;2500.0;9.0;-5.2;3.98
2019;Rwanda;3.334;29.8;-0.5;6.8;3.1;2100.0;21.3;-4.3;1.23
2019;Tanzania;3.231;35.3;-0.5;4.1;3.4;3200.0;15.2;-1.8;1.21
2019;Afghanistan;3.203;37.5;-0.6;10.2;4.1;2000.0;11.2;-15.1;0.99
2019;Central African Republic;3.083;34.0;0.0;4.3;1.2;700.0;14.6;-0.9;1.41
2019;South Sudan;2.853;36.9;-29.2;2.5;1.0;1600.0;8.5;-1.3;1.33
2020;Finland;7.808700085;10.6;2.6;9.2;6.4;49380.0;53.1;-0.6;1.5
2020;Denmark;7.645599842;11.1;2.8;10.1;7.8;66351.0;53.0;1.1;1.32
2020;Switzerland;7.559899807;10.5;4.6;12.3;5.1;81475.0;35.7;1.1;0.7
2020;Iceland;7.504499912;13.3;3.3;8.3;7.7;54696.0;42.4;1.5;0.3
2020;Norway;7.487999916;12.2;4.0;10.4;7.9;91781.0;54.4;4.4;1.8
2020;Netherlands;7.448900223;11.0;1.9;10.1;5.2;56329.0;43.4;1.1;1.36
2020;Sweden;7.353499889;12.1;5.2;11.0;7.6;59699.0;50.6;1.3;1.1
2020;New Zealand;7.299600124;12.8;8.0;9.2;6.3;39815.0;36.8;1.6;1.5
2020;Austria;7.294199944;9.5;3.6;10.4;5.4;50205.0;48.3;-0.7;0.7
2020;Luxembourg;7.237500191;11.6;13.3;5.5;3.6;112009.0;44.4;1.5;0.56
2020;Canada;7.23210001;10.2;5.6;10.6;5.3;52205.0;39.3;-1.0;1.31
2020;Australia;7.222799778;12.4;8.1;9.2;5.1;62753.0;35.5;-0.5;1.9
2020;United Kingdom;7.164500237;11.9;2.5;9.6;5.4;43111.0;39.1;-1.9;2.14
2020;Israel;7.128600121;17.6;2.1;7.4;6.1;37527.0;26.5;-2.0;5.0
2020;Costa Rica;7.121399879;14.8;0.8;7.3;7.0;16900.0;14.3;-6.1;0.7
2020;Ireland;7.093699932;13.0;3.9;7.2;3.5;81340.0;26.0;-0.3;0.3
2020;Germany;7.075799942;8.6;1.5;11.2;4.9;50800.0;45.0;1.3;1.38
2020;United States;6.939599991;12.4;3.0;17.1;5.0;55761.0;17.0;-3.4;3.42
2020;Czechia;6.910900116;8.9;2.3;7.2;3.9;25816.0;40.5;1.6;1.19
2020;Belgium;6.863500118;11.1;4.8;10.3;6.4;47478.0;51.3;-1.0;0.93
2020;United Arab Emirates;6.790800095;9.5;7.6;3.3;3.1;68600.0;28.8;-0.2;5.7
2020;Malta;6.772799969;9.9;6.6;9.3;4.8;37300.0;40.4;3.9;0.6
2020;France;6.663799763;11.9;1.1;11.3;5.5;45739.0;53.8;-2.6;1.84
2020;Mexico;6.465000153;17.6;-1.9;5.5;4.5;10275.0;22.7;-1.1;0.5
2020;Taiwan;6.45539999;8.0;0.8;6.765306122448981;4.31796875;24502.0;16.0;-0.1;1.7
2020;Uruguay;6.440100193;12.9;-0.9;9.3;5.0;22400.0;29.8;-3.5;2.0
2020;Saudi Arabia;6.406499863;14.7;4.7;5.2;5.1;54500.0;26.4;-8.9;8.0
2020;Spain;6.400899887;8.7;7.0;8.9;4.2;33698.0;37.9;-3.1;0.92
2020;Guatemala;6.398900032;23.3;-1.7;5.8;3.2;8200.0;10.8;-1.3;0.4
2020;Italy;6.38740015;8.4;3.2;8.8;4.0;35589.0;46.6;-2.3;1.22
2020;Singapore;6.377099991;8.9;11.8;4.4;2.9;57853.0;15.7;-0.3;3.2
2020;Brazil;6.375599861;13.6;-0.1;9.5;6.3;11117.0;35.7;-1.1;1.5
2020;Slovenia;6.363399982;8.7;1.5;8.2;4.8;27631.0;43.1;0.0;1.04
2020;El Salvador;6.34829998;18.6;-4.8;7.2;3.6;8000.0;23.7;-2.5;1.2
2020;Kosovo;6.325200081;15.4;-1.8;6.7653061224489806;4.3179687499999995;4281.0;29.0;-2.1;0.8
2020;Panama;6.304800034;17.1;-0.1;7.3;3.2;11910.0;20.1;-1.6;1.4
2020;Slovakia;6.280600071;9.3;0.2;6.7;3.9;21066.0;39.4;-1.0;1.74
2020;Uzbekistan;6.257599831;16.1;-1.9;6.4;5.3;6900.0;31.2;0.3;4.0
2020;Chile;6.228499889;13.1;0.3;9.0;5.4;15098.0;20.8;-2.8;1.8
2020;Bahrain;6.227300167;12.7;10.6;4.7;2.3;23441.0;16.6;-10.1;3.7
2020;Lithuania;6.215499878;9.5;-5.9;6.5;3.8;18844.0;33.7;0.5;2.03
2020;Trinidad and Tobago;6.191899776;11.4;-5.4;7.0;4.3179687499999995;15185.0;24.5;-8.2;0.7
2020;Poland;6.186299801;8.9;-0.3;6.5;4.6;18768.0;39.5;-1.7;2.0
2020;Colombia;6.163400173;15.4;-0.6;7.2;4.5;7838.0;26.5;-2.7;3.2
2020;Cyprus;6.15899992;10.9;7.6;6.7;5.8;23948.0;39.9;1.8;1.6
2020;Nicaragua;6.13710022;17.1;-2.4;8.6;4.4;5900.0;28.0;-2.0;0.7
2020;Romania;6.123700142;8.5;-0.2;5.2;3.1;12011.0;29.3;-2.8;2.04
2020;Kuwait;6.102099895;18.0;-3.3;5.3;3.8;33087.0;41.8;-10.0;5.6
2020;Mauritius;6.101299763;12.6;0.0;5.7;4.7;22300.0;22.5;-0.3;0.2
2020;Kazakhstan;6.057899952;16.4;0.4;3.1;2.6;11845.0;22.3;-1.8;1.1
2020;Estonia;6.021800041;9.3;-3.1;6.4;5.0;20897.0;39.9;-0.3;2.14
2020;Philippines;6.006000042;22.9;-1.8;4.4;2.7;3340.0;15.6;-2.2;1.0
2020;Hungary;6.000400066;8.8;1.3;6.9;4.7;17749.0;44.5;-2.0;1.21
2020;Thailand;5.998799801;10.7;0.0;3.7;4.1;6623.0;15.2;-3.5;1.3
2020;Argentina;5.974699974;16.0;-0.1;9.1;5.5;9807.0;18.9;-6.0;0.7
2020;Honduras;5.953199863;18.5;-1.4;7.9;6.1;5600.0;20.3;-2.7;1.6
2020;Latvia;5.949999809;9.2;-5.9;6.0;4.4;16778.0;37.5;-0.5;2.01
2020;Ecuador;5.925199986;17.0;0.0;8.3;5.0;5097.0;32.0;-4.5;2.3
2020;Portugal;5.910900116;8.1;0.3;9.0;5.0;24808.0;42.9;-3.0;1.52
2020;Jamaica;5.889800072;16.1;-9.4;6.0;5.2;9200.0;29.7;0.5;1.6
2020;South Korea;5.872399807;8.2;2.3;7.6;4.3;28941.0;23.2;1.4;2.7
2020;Japan;5.870800018;7.3;0.0;10.9;3.2;48979.0;35.2;-3.5;0.93
2020;Peru;5.796800137;17.0;-1.8;5.0;3.8;6550.0;27.1;-3.1;1.2
2020;Serbia;5.77820015;8.8;0.0;8.4;3.6;7268.0;42.7;0.2;2.2
2020;Bolivia;5.747499943;20.8;-0.3;6.4;7.3;2579.0;39.9;-7.8;1.4
2020;Pakistan;5.69329977;27.4;-0.9;2.9;2.9;1404.0;15.4;-5.8;4.0
2020;Paraguay;5.692100048;16.6;-0.1;6.7;3.4;12800.0;14.2;-1.1;1.0
2020;Dominican Republic;5.689199924;18.5;-2.7;6.1;2.1;17000.0;14.9;-3.0;0.7
2020;Bosnia and Herzegovina;5.674099922;8.6;-0.4;8.9;4.3179687499999995;6641.0;44.0;2.1;0.9
2020;Moldova;5.607500076;10.7;-9.0;7.0;5.4;2441.0;30.2;-0.6;0.4
2020;Tajikistan;5.555699825;21.8;-1.1;7.2;5.2;3200.0;31.8;-1.5;1.2
2020;Montenegro;5.54610014;11.5;-4.9;7.6;4.3179687499999995;17800.0;37.2;-5.6;1.66
2020;Russia;5.546000004;10.0;1.7;5.3;4.7;12842.0;16.4;-1.4;3.9
2020;Kyrgyzstan;5.541500092;20.6;-5.0;6.2;6.0;1127.0;28.7;-3.2;1.5
2020;Belarus;5.539899826;9.5;0.7;5.9;4.8;6695.0;40.7;2.9;1.2
2020;Greece;5.514999866;7.8;0.9;8.0;4.1;24588.0;48.8;0.8;2.28
2020;Croatia;5.504700184;8.7;-1.0;6.8;3.9;16923.0;46.1;0.8;1.68
2020;Libya;5.488800049;23.0;-0.7;5.0;4.31796875;8141.0;51.6;-25.1;1.8711888111888106
2020;Mongolia;5.456200123;16.6;-0.8;4.0;4.1;13700.0;26.6;-6.4;0.7
2020;Malaysia;5.384300232;18.3;-0.3;3.9;4.2;12482.0;16.4;-3.0;1.0
2020;Vietnam;5.353499889;14.5;-0.3;5.5;4.2;2125.0;24.8;-6.7;2.3
2020;Indonesia;5.285600185;15.4;-1.1;3.0;3.6;4455.0;13.0;-2.7;0.7
2020;Ivory Coast;5.233300209;29.1;1.2;4.5;3.3;1692.0;19.1;-4.2;1.1
2020;Benin;5.21600008;42.1;0.3;3.7;2.9;1224.0;17.1;-6.2;0.7
2020;Maldives;5.197599888;16.0;-12.7;9.0;4.1;19200.0;26.4;-10.1;1.8711888111888109
2020;Congo (Brazzaville);5.194399834;32.6;-0.9;2.9;3.5;6800.0;22.5;-7.0;2.7
2020;Azerbaijan;5.164800167;14.5;0.0;6.7;2.5;5863.0;23.5;-1.6;4.0
2020;North Macedonia;5.159800053;10.7;0.4;6.1;4.31796875;14900.0;29.0;-2.7;1.2
2020;Ghana;5.147999763;29.6;-1.6;3.3;4.0;4700.0;20.3;-6.0;0.4
2020;Nepal;5.137199879;18.1;-3.1;5.6;5.1;2700.0;23.8;-0.1;1.6
2020;Turkiye;5.131800175;14.8;-4.3;4.2;4.3;15075.0;20.3;-1.5;1.89
2020;China;5.123899937;11.6;-0.4;5.2;3.5;8041.0;21.3;-3.8;1.9
2020;Turkmenistan;5.119100094;18.3;-1.7;6.9;3.1;7644.0;14.9;-2.8;0.9
2020;Bulgaria;5.101500034;8.3;-0.3;8.1;4.1;9888.0;35.7;1.8;3.25
2020;Morocco;5.094799995;17.9;-1.9;5.2;5.3;3450.0;20.9;-3.6;3.1
2020;Cameroon;5.084899902;36.3;-0.3;4.7;3.1;3700.0;15.3;-3.4;1.1
2020;Venezuela;5.053199768;17.9;-3.4;1.2;6.9;7704.0;44.2;-46.1;0.5
2020;Algeria;5.005099773;20.0;-0.9;6.4;4.3;15200.0;32.3;-9.6;6.0
2020;Senegal;4.980800152;31.8;-1.3;4.1;4.8;1583.0;19.6;-3.6;1.5
2020;Guinea;4.949299812;36.1;0.0;4.1;2.3;937.0;16.6;-0.5;2.0
2020;Niger;4.909599781;47.5;-0.7;7.7;3.5;472.0;21.4;-5.0;1.8
2020;Laos;4.888599873;22.4;-1.0;2.5;2.9;7400.0;18.3;-5.5;0.2
2020;Albania;4.882699966;13.0;-3.3;6.7;3.6;5156.0;27.6;-2.0;1.3
2020;Cambodia;4.848400116;21.3;-0.3;5.9;2.2;4000.0;17.9;-1.8;2.3
2020;Bangladesh;4.832799911;18.1;-3.0;2.3;1.3;1281.0;9.6;-3.2;1.3
2020;Gabon;4.829299927;26.3;3.9;2.8;2.7;9119.0;17.6;-1.9;1.6
2020;South Africa;4.814099789;19.2;-0.2;8.1;6.5;7341.0;26.6;-4.4;1.0
2020;Iraq;4.784800053;25.7;-0.5;4.2;4.7;5604.0;35.7;-4.2;3.5
2020;Lebanon;4.771500111;13.6;-88.7;8.2;2.5;19600.0;21.5;-6.9;4.2
2020;Burkina Faso;4.768700123;35.1;-0.6;6.9;5.4;821.0;21.2;-7.9;2.4
2020;Gambia;4.750599861;27.0;-1.6;3.3;2.4;815.0;20.3;-2.6;0.8
2020;Mali;4.729300022;42.2;-3.9;3.8;3.8;792.0;20.0;-2.9;2.7
2020;Nigeria;4.724100113;34.6;-0.2;3.8;0.5;5900.0;3.4;-1.8;0.5
2020;Armenia;4.676799774;11.9;-5.5;10.4;2.7;9500.0;22.9;-4.8;4.9
2020;Georgia;4.672599792;11.6;0.1;7.6;3.5;10700.0;28.7;-3.8;2.0
2020;Iran;4.672399998;16.3;-0.3;8.7;4.0;20100.0;17.3;-2.3;3.8
2020;Jordan;4.633399963;23.0;-11.3;8.1;3.1;3291.0;23.6;-5.1;4.7
2020;Mozambique;4.623600006;38.6;-1.7;4.9;5.5;1300.0;26.7;-5.6;0.99
2020;Kenya;4.583000183;27.2;-0.2;4.8;5.3;1354.0;17.6;-6.7;1.3
2020;Namibia;4.571100235;25.7;0.0;8.6;3.1;7873.0;32.2;-5.5;3.0
2020;Ukraine;4.56069994;9.6;2.3;7.0;5.4;7439.0;26.6;-1.5;3.9
2020;Liberia;4.557899952;37.3;-2.9;8.2;2.6;516.0;16.9;-4.3;0.5
2020;Uganda;4.43200016;42.3;-3.5;6.3;2.1;2400.0;14.5;-4.1;2.1
2020;Chad;4.422699928;41.7;-0.1;4.5;2.5;813.0;13.5;-1.5;2.2
2020;Tunisia;4.392199993;15.9;-1.4;7.2;6.6;11900.0;24.7;-5.8;2.6
2020;Mauritania;4.374599934;29.0;-0.8;4.4;1.9;175.0;27.4;-0.8;2.8
2020;Sri Lanka;4.327000141;14.2;-1.3;3.8;2.1;4103.0;13.8;-5.5;1.9
2020;Congo (Kinshasa);4.31099987;41.0;-0.9;4.0;1.5;421.0;11.2;-0.9;0.7
2020;Eswatini;4.308100224;24.5;-6.8;6.9;7.1;4821.0;28.6;-8.5;1.8
2020;Myanmar;4.308000088;17.0;-1.4;4.7;1.9;6300.0;13.5;-3.2;2.9
2020;Comoros;4.288599968;23.6;-2.3;7.4;2.5;1406.0;25.3;-6.5;1.8711888111888113
2020;Togo;4.187200069;32.0;0.0;6.2;5.4;672.0;21.5;-3.8;3.1
2020;Ethiopia;4.186200142;31.6;-0.2;3.5;4.7;537.0;13.9;-3.2;0.7
2020;Madagascar;4.165599823;29.9;0.0;5.5;2.8;497.0;15.9;-2.7;0.6
2020;Egypt;4.151400089;27.2;-0.3;5.3;3.8;2943.0;17.9;-8.6;1.2
2020;Sierra Leone;3.926399946;35.4;-1.2;13.4;7.7;1600.0;15.6;-7.9;0.7
2020;Burundi;3.775300026;36.5;-0.8;7.5;5.1;208.0;15.8;-5.7;1.8
2020;Zambia;3.759399891;40.4;0.0;4.5;4.6;4000.0;17.4;-7.3;1.2
2020;Haiti;3.720799923;21.7;-1.9;8.0;2.8;1800.0;18.2;-1.0;1.871188811188811
2020;Lesotho;3.652800083;23.2;-6.1;8.8;7.0;1384.0;39.7;-6.0;1.5
2020;India;3.573299885;18.2;0.0;3.5;3.8;2100.0;9.2;-3.5;2.4
2020;Malawi;3.538000107;40.1;0.0;9.6;4.7;1200.0;21.7;-3.4;0.9
2020;Yemen;3.527400017;25.8;-0.2;5.6;4.6;2500.0;9.0;-5.2;3.98
2020;Botswana;3.478899956;20.9;2.9;6.1;9.6;17000.0;30.5;-1.0;2.8
2020;Tanzania;3.476200104;34.6;-0.4;3.6;3.4;959.0;15.2;-1.8;1.3
2020;Central African Republic;3.475899935;33.2;0.0;5.8;1.2;700.0;14.6;-0.9;1.5
2020;Rwanda;3.312299967;27.9;-3.3;6.6;3.1;2100.0;21.3;-4.3;1.2
2020;Zimbabwe;3.299200058;33.6;-5.0;6.6;5.9;1306.0;21.5;-9.6;1.0
2020;South Sudan;2.816600084;38.8;0.2;9.8;1.5;1600.0;8.5;-1.3;3.5
2020;Afghanistan;2.566900015;36.7;-0.1;11.8;4.1;2000.0;11.2;-15.1;1.2
2021;Finland;7.842;10.49;2.46;9.0;6.3;47300.0;53.1;-0.6;2.2
2021;Denmark;7.62;11.17;2.74;10.1;7.8;55900.0;53.0;1.1;1.4
2021;Switzerland;7.571;10.41;4.55;11.9;4.9;68400.0;35.7;1.1;0.8
2021;Iceland;7.554;13.12;3.09;8.5;7.6;52300.0;42.4;1.5;0.3
2021;Netherlands;7.464;10.98;1.9;10.0;5.4;54200.0;43.4;1.1;1.49
2021;Norway;7.392;12.09;3.95;10.1;7.6;63600.0;54.4;4.4;2.0
2021;Sweden;7.363;11.93;4.87;10.9;7.6;50700.0;50.6;1.3;1.1
2021;Luxembourg;7.324;11.62;12.65;5.3;3.7;110300.0;44.4;1.5;0.57
2021;New Zealand;7.277;12.83;6.89;9.2;6.0;42400.0;36.8;1.6;1.5
2021;Austria;7.268;9.48;3.57;10.3;5.2;51900.0;48.3;-0.7;0.8
2021;Australia;7.183;12.35;7.49;9.3;5.1;48700.0;35.5;-0.5;2.1
2021;Israel;7.157;17.52;2.05;7.5;6.2;38300.0;26.5;-2.0;4.8
2021;Germany;7.155;8.63;1.5;11.4;5.0;50900.0;45.0;1.3;1.56
2021;Canada;7.103;10.21;5.55;10.8;5.3;45900.0;39.3;-1.0;1.42
2021;Ireland;7.085;12.6;3.83;6.9;3.4;89700.0;26.0;-0.3;0.27
2021;Costa Rica;7.069;14.53;0.78;7.6;6.7;19700.0;14.3;-6.1;0.7
2021;United Kingdom;7.064;11.77;2.47;10.0;5.2;41600.0;39.1;-1.9;2.32
2021;Czechia;6.965;8.75;2.32;7.7;4.3;38300.0;40.5;1.6;1.34
2021;United States;6.951;12.33;3.03;16.9;5.0;60200.0;17.0;-3.4;3.73
2021;Belgium;6.834;11.03;4.58;10.3;6.4;48200.0;51.3;-1.0;1.07
2021;France;6.69;11.77;1.06;11.3;5.4;42000.0;53.8;-2.6;2.04
2021;Bahrain;6.647;12.5;-0.67;4.1;2.3;40900.0;16.6;-10.1;4.2
2021;Malta;6.602;9.84;6.04;9.0;4.7;39200.0;40.4;3.9;0.6
2021;Taiwan;6.584;7.43;0.75;6.7020979020979015;4.362222222222222;24502.0;16.0;-0.1;2.3
2021;United Arab Emirates;6.561;10.87;-3.18;4.2;3.1;67100.0;28.8;-0.2;6.0
2021;Saudi Arabia;6.494;14.56;5.04;6.4;5.1;44300.0;26.4;-8.9;7.8
2021;Spain;6.491;8.05;1.39;9.0;4.2;36200.0;37.9;-3.1;1.17
2021;Italy;6.483;8.37;3.21;8.7;4.3;39000.0;46.6;-2.3;1.39
2021;Slovenia;6.461;8.5;1.54;8.3;4.9;36500.0;43.1;0.0;1.1
2021;Guatemala;6.435;22.79;-1.69;5.7;3.3;8400.0;10.8;-1.3;0.5
2021;Uruguay;6.431;12.75;-0.88;9.2;4.7;21600.0;29.8;-3.5;2.3
2021;Singapore;6.377;9.13;4.26;4.5;2.5;93400.0;15.7;-0.3;3.2
2021;Kosovo;6.372;15.05;-1.44;6.702097902097902;4.362222222222222;10800.0;29.0;-2.1;2.0
2021;Slovakia;6.331;9.1;0.2;6.7;4.0;30300.0;39.4;-1.0;1.73
2021;Brazil;6.33;13.44;-0.13;9.5;6.1;14100.0;35.7;-1.1;1.3
2021;Mexico;6.317;17.29;-1.46;5.4;4.3;17900.0;22.7;-1.1;0.7
2021;Jamaica;6.309;16.03;-7.98;6.1;5.4;8700.0;29.7;0.5;1.7
2021;Lithuania;6.255;9.42;-4.75;6.6;3.9;36700.0;33.7;0.5;2.03
2021;Cyprus;6.223;10.76;7.29;6.8;5.8;37700.0;39.9;1.8;1.75
2021;Estonia;6.189;9.03;-2.85;6.7;5.2;35600.0;39.9;-0.3;2.3
2021;Panama;6.18;16.67;-0.11;7.3;3.1;25400.0;20.1;-1.6;1.4
2021;Uzbekistan;6.179;15.85;-1.86;5.3;5.1;7000.0;31.2;0.3;1.2
2021;Chile;6.172;12.92;0.33;9.1;5.4;23300.0;20.8;-2.8;2.0
2021;Poland;6.166;8.69;-0.33;6.3;4.6;32200.0;39.5;-1.7;2.2
2021;Kazakhstan;6.152;15.87;0.39;2.9;2.9;25300.0;22.3;-1.8;1.1
2021;Romania;6.14;8.39;-0.2;5.6;3.3;28800.0;29.3;-2.8;2.0
2021;Kuwait;6.106;17.9;-3.65;5.0;6.6;49900.0;41.8;-10.0;6.3
2021;Serbia;6.078;8.74;0.0;8.5;3.6;18200.0;42.7;0.2;2.0
2021;El Salvador;6.061;18.22;-5.57;7.1;3.4;8100.0;23.7;-2.5;1.2
2021;Mauritius;6.049;12.44;0.0;5.8;4.6;19500.0;22.5;-0.3;0.2
2021;Latvia;6.032;8.96;-5.32;6.2;4.2;29900.0;37.5;-0.5;2.27
2021;Colombia;6.012;16.51;-0.6;7.6;4.5;13400.0;26.5;-2.7;3.0
2021;Hungary;5.992;8.72;1.24;6.7;4.6;31000.0;44.5;-2.0;1.85
2021;Thailand;5.985;10.25;-0.03;3.8;3.0;17300.0;15.2;-3.5;1.4
2021;Nicaragua;5.972;16.71;-2.27;8.6;3.4;5300.0;28.0;-2.0;0.7
2021;Japan;5.94;7.0;0.75;11.0;3.2;41400.0;35.2;-3.5;1.0
2021;Argentina;5.929;15.8;-0.08;9.6;4.8;19700.0;18.9;-6.0;0.8
2021;Portugal;5.929;8.02;0.62;9.4;4.7;32200.0;42.9;-3.0;1.59
2021;Honduras;5.919;18.19;-1.35;7.1;4.9;5100.0;20.3;-2.7;1.7
2021;Croatia;5.882;8.68;-0.74;6.8;3.9;26500.0;46.1;0.8;2.79
2021;Philippines;5.88;22.66;-1.75;4.4;3.2;8000.0;15.6;-2.2;1.0
2021;South Korea;5.845;6.89;2.65;7.6;4.5;42300.0;23.2;1.4;2.64
2021;Peru;5.84;16.67;-1.76;5.2;4.2;11300.0;27.1;-3.1;1.2
2021;Bosnia and Herzegovina;5.813;8.5;-0.38;8.9;4.362222222222222;14300.0;44.0;2.1;0.9
2021;Moldova;5.766;10.45;-8.95;6.6;6.1;12300.0;30.2;-0.6;0.4
2021;Ecuador;5.764;16.71;0.0;8.1;4.1;10300.0;32.0;-4.5;2.3
2021;Kyrgyzstan;5.744;20.06;-4.91;6.5;5.4;4700.0;28.7;-3.2;1.8
2021;Greece;5.723;7.72;0.97;7.7;3.6;27300.0;48.8;0.8;3.82
2021;Bolivia;5.716;20.36;-0.23;6.3;7.3;7900.0;39.9;-7.8;1.3
2021;Mongolia;5.677;16.32;-0.78;3.8;4.9;11500.0;26.6;-6.4;0.8
2021;Paraguay;5.653;16.43;-0.07;6.7;3.5;12300.0;14.2;-1.1;1.0
2021;Montenegro;5.581;11.35;-4.95;8.4;4.362222222222222;18300.0;37.2;-5.6;1.72
2021;Dominican Republic;5.545;18.24;-2.71;5.7;4.0;17000.0;14.9;-3.0;0.8
2021;Belarus;5.534;9.32;0.72;5.6;5.0;19100.0;40.7;2.9;1.2
2021;Russia;5.477;9.71;1.7;5.3;4.7;26500.0;16.4;-1.4;4.0
2021;Tajikistan;5.466;21.22;-1.05;7.2;5.7;3700.0;31.8;-1.5;1.1
2021;Vietnam;5.411;16.04;-0.23;5.9;4.1;8200.0;24.8;-6.7;2.4
2021;Libya;5.41;22.23;-1.15;5.0;4.362222222222222;10300.0;51.6;-25.1;1.946028368794326
2021;Malaysia;5.384;14.72;1.49;3.8;4.2;26400.0;16.4;-3.0;1.0
2021;Indonesia;5.345;15.59;-0.72;2.9;2.8;11400.0;13.0;-2.7;0.8
2021;Congo (Brazzaville);5.342;32.15;0.0;2.1;3.9;3400.0;22.5;-7.0;3.2
2021;China;5.339;11.3;-0.43;5.4;3.5;16400.0;21.3;-3.8;1.7
2021;Ivory Coast;5.306;28.67;1.21;4.2;3.7;5200.0;19.1;-4.2;1.1
2021;Armenia;5.283;11.45;-5.43;10.0;2.7;12600.0;22.9;-4.8;5.0
2021;Nepal;5.269;17.78;-4.12;5.8;4.4;3800.0;23.8;-0.1;1.3
2021;Bulgaria;5.266;8.15;-0.29;7.4;4.1;22400.0;35.7;1.8;1.6
2021;Maldives;5.198;15.69;-12.76;9.4;4.1;13000.0;26.4;-10.1;1.9460283687943263
2021;Azerbaijan;5.171;14.03;0.0;3.5;2.7;13700.0;23.5;-1.6;5.4
2021;Cameroon;5.142;35.91;-0.32;3.5;3.1;3600.0;15.3;-3.4;1.0
2021;Senegal;5.132;31.31;-1.24;4.0;5.3;3300.0;19.6;-3.6;1.5
2021;Albania;5.117;12.86;-3.24;5.3;3.9;13300.0;27.6;-2.0;1.3
2021;North Macedonia;5.101;10.55;0.4;6.6;4.362222222222223;14900.0;29.0;-2.7;1.57
2021;Ghana;5.088;29.08;-0.17;3.5;4.0;5300.0;20.3;-6.0;0.4
2021;Niger;5.074;47.28;-0.66;7.3;3.5;1200.0;21.4;-5.0;2.1
2021;Turkmenistan;5.066;17.85;-1.72;6.6;3.1;15500.0;14.9;-2.8;0.9
2021;Gambia;5.051;26.42;-1.55;3.1;2.9;2200.0;20.3;-2.6;0.8
2021;Benin;5.045;41.55;0.25;2.5;3.0;3300.0;17.1;-6.2;0.5
2021;Laos;5.03;22.74;-0.99;2.3;2.9;7800.0;18.3;-5.5;0.2
2021;Bangladesh;5.025;17.88;-2.93;2.3;1.3;4800.0;9.6;-3.2;1.2
2021;Guinea;4.984;35.86;0.0;3.9;2.2;2700.0;16.6;-0.5;1.4
2021;South Africa;4.956;18.89;-0.12;8.3;6.8;11500.0;26.6;-4.4;0.9
2021;Turkiye;4.948;14.54;-1.55;4.1;4.3;28400.0;20.3;-1.5;1.86
2021;Pakistan;4.934;26.95;-0.92;3.2;2.5;4600.0;15.4;-5.8;4.0
2021;Morocco;4.918;17.58;-1.83;5.3;5.3;6900.0;20.9;-3.6;4.5
2021;Venezuela;4.892;17.55;14.22;3.6;1.3;7704.0;44.2;-46.1;0.4
2021;Georgia;4.891;11.26;0.06;7.1;3.8;14100.0;28.7;-3.8;1.8
2021;Algeria;4.887;19.24;-0.84;6.2;6.1;10700.0;32.3;-9.6;7.0
2021;Ukraine;4.875;9.23;-0.26;7.7;5.4;12400.0;26.6;-1.5;4.0
2021;Iraq;4.854;25.21;-0.68;4.1;4.7;9300.0;35.7;-4.2;4.1
2021;Gabon;4.852;26.14;3.76;2.8;2.8;14400.0;17.6;-1.9;1.8
2021;Burkina Faso;4.834;34.34;-0.62;5.6;5.8;2200.0;21.2;-7.9;2.5
2021;Cambodia;4.83;20.84;-0.29;6.0;2.2;4200.0;17.9;-1.8;2.5
2021;Mozambique;4.794;38.03;-1.62;8.2;6.2;1200.0;26.7;-5.6;1.0
2021;Nigeria;4.759;34.38;-0.21;3.9;0.5;4900.0;3.4;-1.8;0.6
2021;Mali;4.723;41.6;-3.17;3.9;3.4;2200.0;20.0;-2.9;3.4
2021;Iran;4.721;15.78;-0.3;8.7;3.7;12400.0;17.3;-2.3;2.1
2021;Uganda;4.636;41.6;-3.37;6.5;3.0;2200.0;14.5;-4.1;2.5
2021;Liberia;4.625;36.96;-2.82;6.7;2.3;1400.0;16.9;-4.3;0.4
2021;Kenya;4.607;26.78;-0.2;5.2;5.1;4200.0;17.6;-6.7;1.2
2021;Tunisia;4.596;15.21;-1.34;7.3;7.3;9700.0;24.7;-5.8;2.9
2021;Lebanon;4.584;13.35;-0.95;8.4;2.6;11600.0;21.5;-6.9;3.0
2021;Namibia;4.574;25.33;0.0;8.0;9.4;8900.0;32.2;-5.5;3.4
2021;Myanmar;4.426;16.65;-1.38;4.8;2.0;4500.0;13.5;-3.2;3.0
2021;Jordan;4.395;22.79;-11.17;7.8;3.0;9800.0;23.6;-5.1;4.7
2021;Chad;4.355;41.05;-0.13;4.1;2.4;1500.0;13.5;-1.5;2.9
2021;Sri Lanka;4.325;14.01;-1.24;3.8;2.1;12500.0;13.8;-5.5;2.0
2021;Eswatini;4.308;23.87;-6.26;6.5;5.3;8400.0;28.6;-8.5;1.8
2021;Comoros;4.289;22.98;-2.28;4.6;2.5;3100.0;25.3;-6.5;1.946028368794326
2021;Egypt;4.283;26.44;-0.34;5.0;3.9;12000.0;17.9;-8.6;1.2
2021;Ethiopia;4.275;31.03;-0.2;3.3;5.1;2300.0;13.9;-3.2;0.5
2021;Mauritania;4.227;28.49;-0.74;4.6;1.9;5000.0;27.4;-0.8;2.5
2021;Madagascar;4.208;29.22;0.0;4.8;2.9;1500.0;15.9;-2.7;0.8
2021;Togo;4.107;32.34;-1.86;6.2;5.0;2100.0;21.5;-3.8;2.0
2021;Zambia;4.073;35.23;0.33;4.9;4.5;3300.0;17.4;-7.3;1.3
2021;Sierra Leone;3.849;35.04;-0.96;16.1;9.3;1600.0;15.6;-7.9;0.5
2021;India;3.819;17.53;-0.04;3.5;3.5;6100.0;9.2;-3.5;2.6
2021;Burundi;3.775;35.48;7.35;7.7;5.1;700.0;15.8;-5.7;2.1
2021;Yemen;3.658;25.21;-0.19;5.6;4.6;2500.0;9.0;-5.2;4.3
2021;Tanzania;3.623;33.71;-0.44;3.6;3.1;2600.0;15.2;-1.8;1.3
2021;Haiti;3.615;21.4;-1.9;7.7;1.7;2800.0;18.2;-1.0;1.9460283687943265
2021;Malawi;3.6;28.59;0.0;9.3;2.9;1500.0;21.7;-3.4;0.9
2021;Lesotho;3.512;23.3;-4.59;9.3;7.4;2300.0;39.7;-6.0;1.6
2021;Botswana;3.467;20.6;2.85;5.9;6.9;16000.0;30.5;-1.0;3.0
2021;Rwanda;3.415;27.18;-3.27;7.5;3.4;2100.0;21.3;-4.3;1.3
2021;Zimbabwe;3.145;33.34;-4.93;4.7;3.6;2700.0;21.5;-9.6;0.7
2021;Afghanistan;2.523;36.08;-0.1;9.4;3.2;2000.0;11.2;-15.1;1.2
2022;Finland;7.821;10.42;2.35;9.2;5.9;47300.0;53.1;-0.6;2.0
2022;Denmark;7.636;11.22;2.73;10.0;6.4;55900.0;53.0;1.1;1.4
2022;Iceland;7.557;12.96;2.89;8.6;7.7;52300.0;42.4;1.5;0.3
2022;Switzerland;7.512;10.36;4.52;11.3;5.2;68400.0;35.7;1.1;0.7
2022;Netherlands;7.415;10.99;1.9;10.1;5.3;54200.0;43.4;1.1;1.7
2022;Luxembourg;7.404;11.61;12.01;5.4;5.0;110300.0;44.4;1.5;0.6
2022;Sweden;7.384;10.83;3.6;10.9;7.2;50700.0;50.6;1.3;1.3
2022;Norway;7.365;12.0;3.92;10.5;5.9;63600.0;54.4;4.4;1.6
2022;Israel;7.364;17.41;2.02;7.5;7.1;38300.0;26.5;-2.0;5.0
2022;New Zealand;7.2;12.78;5.83;9.7;6.0;42400.0;36.8;1.6;1.4
2022;Austria;7.163;9.45;3.55;10.4;5.1;51900.0;48.3;-0.7;0.9
2022;Australia;7.162;12.3;6.93;9.9;6.1;48700.0;35.5;-0.5;2.0
2022;Ireland;7.041;12.32;3.79;6.7;3.1;89700.0;26.0;-0.3;0.3
2022;Germany;7.034;9.08;1.78;11.7;4.7;50900.0;45.0;1.3;1.5
2022;Canada;7.025;10.17;5.46;10.8;5.2;45900.0;39.3;-1.0;1.4
2022;United States;6.977;12.28;3.02;16.8;6.1;60200.0;17.0;-3.4;3.5
2022;United Kingdom;6.943;10.79;3.59;10.2;5.5;41600.0;39.1;-1.9;2.1
2022;Czechia;6.92;8.59;2.32;7.8;5.1;38300.0;40.5;1.6;1.3
2022;Belgium;6.805;10.95;4.38;10.7;6.7;48200.0;51.3;-1.0;1.2
2022;France;6.687;11.66;1.06;11.1;5.5;42000.0;53.8;-2.6;1.9
2022;Bahrain;6.647;12.4;-0.82;4.0;2.2;40900.0;16.6;-10.1;3.6
2022;Slovenia;6.63;8.3;1.54;8.5;5.8;36500.0;43.1;0.0;1.2
2022;Costa Rica;6.582;14.28;0.77;7.3;6.7;19700.0;14.3;-6.1;0.7
2022;United Arab Emirates;6.576;10.81;-3.45;4.3;3.9;67100.0;28.8;-0.2;5.6
2022;Saudi Arabia;6.523;14.22;5.52;5.7;7.8;44300.0;26.4;-8.9;6.0
2022;Taiwan;6.512;7.39;0.85;6.649285714285714;4.594117647058823;24502.0;16.0;-0.1;2.2
2022;Singapore;6.48;9.05;4.22;4.1;2.8;93400.0;15.7;-0.3;3.2
2022;Romania;6.477;8.76;-4.36;5.7;3.7;28800.0;29.3;-2.8;2.0
2022;Spain;6.476;7.13;4.35;9.1;4.6;36200.0;37.9;-3.1;1.0
2022;Uruguay;6.474;12.71;-0.88;9.4;4.6;21600.0;29.8;-3.5;2.3
2022;Italy;6.467;6.95;3.02;8.7;4.3;39000.0;46.6;-2.3;1.55
2022;Kosovo;6.455;14.85;-1.07;6.649285714285714;4.594117647058823;10800.0;29.0;-2.1;1.0
2022;Malta;6.447;9.73;5.49;8.2;5.9;39200.0;40.4;3.9;0.5
2022;Lithuania;6.446;9.26;-4.54;7.0;4.0;36700.0;33.7;0.5;2.5
2022;Slovakia;6.391;8.94;0.2;7.0;4.6;30300.0;39.4;-1.0;2.0
2022;Estonia;6.341;8.75;-2.79;6.7;6.6;35600.0;39.9;-0.3;2.35
2022;Panama;6.309;17.99;3.42;7.6;3.9;25400.0;20.1;-1.6;1.2
2022;Brazil;6.293;13.96;-0.19;9.6;6.0;14100.0;35.7;-1.1;1.3
2022;Guatemala;6.262;22.34;-1.66;6.2;3.1;8400.0;10.8;-1.3;0.4
2022;Kazakhstan;6.234;15.38;0.39;2.8;4.5;25300.0;22.3;-1.8;1.0
2022;Cyprus;6.221;10.57;6.96;7.0;6.1;37700.0;39.9;1.8;2.0
2022;Latvia;6.18;8.73;-5.19;6.6;6.0;29900.0;37.5;-0.5;2.1
2022;Serbia;6.178;8.92;0.0;8.7;3.6;18200.0;42.7;0.2;1.9
2022;Chile;6.172;12.75;0.33;9.3;5.6;23300.0;20.8;-2.8;2.0
2022;Nicaragua;6.165;16.52;-2.15;8.4;4.6;5300.0;28.0;-2.0;0.6
2022;Mexico;6.128;13.55;-0.76;5.4;4.3;17900.0;22.7;-1.1;0.8
2022;Croatia;6.125;8.65;-0.5;7.0;5.5;26500.0;46.1;0.8;2.0
2022;Poland;6.123;8.5;-0.33;6.5;5.2;32200.0;39.5;-1.7;2.4
2022;El Salvador;6.12;17.87;-6.29;7.2;4.1;8100.0;23.7;-2.5;1.2
2022;Kuwait;6.106;17.78;-3.87;5.5;6.6;49900.0;41.8;-10.0;6.8
2022;Hungary;6.086;8.65;1.23;6.4;4.8;31000.0;44.5;-2.0;1.7
2022;Mauritius;6.071;9.86;0.0;6.2;4.9;19500.0;22.5;-0.3;0.2
2022;Uzbekistan;6.063;15.53;-1.78;5.6;4.9;7000.0;31.2;0.3;2.8
2022;Japan;6.039;6.95;0.74;10.7;3.4;41400.0;35.2;-3.5;1.0
2022;Honduras;6.022;17.92;-1.34;7.3;6.4;5100.0;20.3;-2.7;1.6
2022;Portugal;6.016;8.0;0.91;9.5;5.0;32200.0;42.9;-3.0;1.5
2022;Argentina;5.967;15.58;-0.08;9.5;5.0;19700.0;18.9;-6.0;0.8
2022;Greece;5.948;7.61;1.0;7.8;4.4;27300.0;48.8;0.8;3.8
2022;South Korea;5.935;6.92;2.63;8.2;4.7;42300.0;23.2;1.4;2.6
2022;Philippines;5.904;22.28;0.13;4.1;3.7;8000.0;15.6;-2.2;1.1
2022;Thailand;5.891;10.14;-0.13;3.8;3.2;17300.0;15.2;-3.5;1.3
2022;Moldova;5.857;10.19;-8.87;6.4;6.4;12300.0;30.2;-0.6;0.4
2022;Jamaica;5.85;15.91;-7.7;6.1;6.0;8700.0;29.7;0.5;1.4
2022;Kyrgyzstan;5.828;19.54;-4.87;4.5;6.2;4700.0;28.7;-3.2;1.7
2022;Belarus;5.821;9.08;0.72;5.9;4.7;19100.0;40.7;2.9;1.2
2022;Colombia;5.781;15.21;-1.58;7.7;4.9;13400.0;26.5;-2.7;3.0
2022;Bosnia and Herzegovina;5.768;8.41;-0.38;9.1;4.594117647058823;14300.0;44.0;2.1;0.9
2022;Mongolia;5.761;15.84;-0.77;3.8;4.7;11500.0;26.6;-6.4;0.8
2022;Dominican Republic;5.737;18.03;-2.68;5.9;4.6;17000.0;14.9;-3.0;0.7
2022;Malaysia;5.711;14.55;1.48;3.8;3.9;26400.0;16.4;-3.0;1.0
2022;Bolivia;5.6;18.61;-0.98;6.9;9.8;7900.0;39.9;-7.8;1.4
2022;China;5.585;9.93;-0.11;5.4;3.6;16400.0;21.3;-3.8;1.5
2022;Paraguay;5.578;16.32;-0.07;7.2;3.3;12300.0;14.2;-1.1;1.0
2022;Peru;5.559;17.21;-0.75;5.2;4.0;11300.0;27.1;-3.1;1.1
2022;Montenegro;5.547;11.19;-4.97;8.3;4.594117647058824;18300.0;37.2;-5.6;1.8
2022;Ecuador;5.533;16.45;0.0;7.8;3.7;10300.0;32.0;-4.5;2.0
2022;Vietnam;5.485;15.69;-0.22;5.3;4.1;8200.0;24.8;-6.7;2.4
2022;Turkmenistan;5.474;17.51;-1.71;6.6;3.1;15500.0;14.9;-2.8;1.9
2022;Russia;5.459;9.45;1.7;5.7;3.7;26500.0;16.4;-1.4;4.0
2022;Armenia;5.399;11.1;-5.36;11.3;2.8;12600.0;22.9;-4.8;4.4
2022;Tajikistan;5.377;20.73;-1.03;7.1;5.9;3700.0;31.8;-1.5;1.2
2022;Nepal;5.377;17.53;-4.21;4.5;4.2;3800.0;23.8;-0.1;1.3
2022;Bulgaria;5.371;8.05;-0.29;7.1;4.0;22400.0;35.7;1.8;1.7
2022;Libya;5.33;21.56;-1.61;5.0;4.594117647058823;10300.0;51.6;-25.1;1.9438848920863312
2022;Indonesia;5.24;15.32;-0.71;2.9;3.5;11400.0;13.0;-2.7;0.8
2022;Ivory Coast;5.235;28.3;1.18;3.3;3.4;5200.0;19.1;-4.2;1.1
2022;North Macedonia;5.199;10.45;0.38;7.3;4.594117647058824;15800.0;29.0;-2.7;1.8
2022;Albania;5.199;12.69;-3.23;5.2;3.1;13300.0;27.6;-2.0;1.6
2022;South Africa;5.194;18.56;0.0;9.1;6.6;11500.0;26.6;-4.4;0.8
2022;Azerbaijan;5.173;13.59;0.0;4.0;4.3;13700.0;23.5;-1.6;5.2
2022;Gambia;5.164;28.78;-0.04;3.8;2.8;2200.0;20.3;-2.6;0.8
2022;Bangladesh;5.155;17.69;-2.9;2.5;2.1;4800.0;9.6;-3.2;1.1
2022;Laos;5.14;20.9;-1.17;2.6;2.3;7800.0;18.3;-5.5;0.2
2022;Algeria;5.122;18.52;-0.82;6.2;7.0;10700.0;32.3;-9.6;5.6
2022;Liberia;5.122;36.64;-2.74;8.5;2.7;1400.0;16.9;-4.3;0.7
2022;Ukraine;5.084;9.0;-0.26;7.1;5.4;12400.0;26.6;-1.5;4.0
2022;Congo (Brazzaville);5.075;31.82;0.0;2.1;4.5;3400.0;22.5;-7.0;2.5
2022;Morocco;5.06;17.42;-1.74;5.3;6.8;6900.0;20.9;-3.6;4.5
2022;Mozambique;5.048;37.47;-1.58;7.8;6.3;1200.0;26.7;-5.6;1.2
2022;Cameroon;5.048;35.53;-0.31;3.6;3.2;3600.0;15.3;-3.4;1.0
2022;Senegal;5.046;31.51;-0.71;4.1;5.5;3300.0;19.6;-3.6;1.7
2022;Niger;5.003;47.08;-0.64;5.7;3.8;1200.0;21.4;-5.0;1.8
2022;Georgia;4.973;11.0;0.06;6.7;3.6;14100.0;28.7;-3.8;1.7
2022;Gabon;4.958;26.03;3.67;2.8;3.2;14400.0;17.6;-1.9;1.7
2022;Iraq;4.941;24.7;-0.83;4.5;4.7;9300.0;35.7;-4.2;3.7
2022;Venezuela;4.925;17.27;13.88;5.4;1.3;7704.0;44.2;-46.1;5.2
2022;Guinea;4.891;35.67;0.0;4.0;2.2;2700.0;16.6;-0.5;1.5
2022;Iran;4.888;15.27;-0.3;6.7;3.6;12400.0;17.3;-2.3;2.3
2022;Ghana;4.872;28.55;-0.16;3.4;3.9;5300.0;20.3;-6.0;0.5
2022;Turkiye;4.744;14.28;-1.54;4.3;3.4;28400.0;20.3;-1.5;1.2
2022;Burkina Faso;4.67;33.57;-0.61;5.5;5.5;2200.0;21.2;-7.9;2.4
2022;Cambodia;4.64;19.29;-2.7;7.0;3.1;4200.0;17.9;-1.8;2.5
2022;Benin;4.623;41.15;0.24;2.4;3.0;3300.0;17.1;-6.2;0.7
2022;Comoros;4.609;22.52;-2.25;5.2;2.6;3100.0;25.3;-6.5;1.9438848920863312
2022;Uganda;4.603;40.94;-3.26;3.8;2.7;2200.0;14.5;-4.1;2.5
2022;Nigeria;4.552;34.19;-0.21;3.0;0.5;4900.0;3.4;-1.8;0.7
2022;Kenya;4.543;26.39;-0.19;4.6;4.8;4200.0;17.6;-6.7;1.2
2022;Tunisia;4.516;14.62;-1.33;7.0;7.3;9700.0;24.7;-5.8;3.0
2022;Pakistan;4.516;26.48;-0.96;3.4;2.4;4600.0;15.4;-5.8;4.0
2022;Mali;4.479;41.07;-3.08;3.9;4.4;2200.0;20.0;-2.9;3.5
2022;Namibia;4.459;25.01;0.0;8.5;9.6;8900.0;32.2;-5.5;3.0
2022;Eswatini;4.396;23.35;-6.16;6.8;5.0;8400.0;28.6;-8.5;1.7
2022;Myanmar;4.394;16.34;-1.37;4.7;2.1;4500.0;13.5;-3.2;3.4
2022;Sri Lanka;4.362;13.8;-1.22;4.1;1.9;12500.0;13.8;-5.5;1.9
2022;Madagascar;4.339;28.68;0.0;3.7;3.1;1500.0;15.9;-2.7;0.7
2022;Egypt;4.288;21.46;-0.31;4.7;2.5;12000.0;17.9;-8.6;1.3
2022;Chad;4.251;40.45;-0.13;4.4;2.9;1500.0;13.5;-1.5;2.5
2022;Ethiopia;4.241;30.49;-0.19;3.2;4.5;2300.0;13.9;-3.2;0.5
2022;Yemen;4.197;24.64;-0.19;4.3;4.6;2500.0;9.0;-5.2;4.3
2022;Mauritania;4.153;28.06;-0.72;3.3;1.9;5000.0;27.4;-0.8;2.5
2022;Jordan;4.152;22.58;-11.08;7.6;3.2;9800.0;23.6;-5.1;5.0
2022;Togo;4.112;31.86;-1.81;5.7;4.0;2100.0;21.5;-3.8;1.8
2022;India;3.777;16.82;0.16;3.0;4.5;6100.0;9.2;-3.5;2.2
2022;Zambia;3.76;34.86;0.24;5.3;3.7;3300.0;17.4;-7.3;1.3
2022;Malawi;3.75;27.94;0.0;7.4;2.9;1500.0;21.7;-3.4;0.9
2022;Tanzania;3.702;33.3;-0.41;3.8;3.3;2600.0;15.2;-1.8;1.1
2022;Sierra Leone;3.574;32.2;2.03;8.8;9.1;1600.0;15.6;-7.9;0.3
2022;Lesotho;3.512;23.15;-4.55;11.3;8.7;2300.0;39.7;-6.0;1.5
2022;Botswana;3.471;20.28;2.81;6.1;8.7;16000.0;30.5;-1.0;3.0
2022;Rwanda;3.268;26.44;-3.21;6.4;3.8;2100.0;21.3;-4.3;1.4
2022;Zimbabwe;2.995;33.07;-4.83;7.7;3.9;2700.0;21.5;-9.6;2.6
2022;Lebanon;2.955;13.1;-0.94;8.7;1.7;11600.0;21.5;-6.9;3.2
2022;Afghanistan;2.404;35.46;-0.1;13.2;2.9;2000.0;11.2;-15.1;3.3
2023;Finland;7.804;10.33;2.25;9.6;5.9;48800.0;19.85;-0.6;1.4
2023;Denmark;7.586;11.25;2.71;10.5;6.4;58000.0;34.07;1.1;1.15
2023;Iceland;7.53;12.8;2.69;9.6;7.7;53600.0;22.33;1.5;0.3
2023;Israel;7.473;17.3;1.99;8.3;7.1;39400.0;21.9;-2.0;5.5
2023;Netherlands;7.403;10.98;1.89;11.1;5.3;56600.0;24.38;1.1;1.2
2023;Sweden;7.395;10.76;3.79;11.4;7.2;53600.0;26.58;1.3;1.0
2023;Norway;7.315;11.89;3.89;11.4;5.9;65700.0;21.09;4.4;1.74
2023;Switzerland;7.24;10.3;4.5;11.8;5.2;71000.0;9.37;1.1;0.7
2023;Luxembourg;7.228;11.59;11.39;5.8;5.0;115700.0;25.13;1.5;0.5
2023;New Zealand;7.123;12.69;4.81;10.0;6.0;42900.0;27.5;1.6;1.1
2023;Austria;7.097;9.39;3.54;11.5;5.1;54100.0;24.19;-0.7;0.7
2023;Australia;7.095;12.23;6.39;10.7;6.1;49800.0;22.61;-0.5;2.1
2023;Canada;6.961;10.11;5.37;12.9;5.2;47900.0;13.3;-1.0;1.16
2023;Ireland;6.911;12.08;3.76;7.1;3.1;102500.0;16.51;-0.3;0.3
2023;United States;6.894;12.21;3.01;18.8;6.1;63700.0;9.86;-3.4;3.5
2023;Germany;6.892;9.02;1.78;12.8;4.7;53200.0;10.55;1.3;1.2
2023;Belgium;6.859;10.86;4.18;11.1;6.7;51700.0;21.97;-1.0;0.9
2023;Czechia;6.845;8.43;2.32;9.2;5.1;40700.0;14.34;1.6;0.96
2023;United Kingdom;6.796;10.8;3.23;12.0;5.5;45000.0;24.73;-1.9;2.08
2023;Lithuania;6.763;9.09;-4.34;7.5;4.0;39300.0;19.88;0.5;2.0
2023;France;6.661;11.56;1.06;12.2;5.5;45000.0;24.69;-2.6;1.79
2023;Slovenia;6.65;8.12;1.54;9.5;5.8;40000.0;16.92;0.0;1.0
2023;Costa Rica;6.609;14.03;0.76;7.9;6.7;21200.0;12.32;-6.1;0.7
2023;Romania;6.589;8.63;-3.86;6.3;3.7;30800.0;14.18;-2.8;1.41
2023;Singapore;6.587;8.94;4.18;6.1;2.8;106000.0;12.89;-0.3;3.2
2023;United Arab Emirates;6.571;10.76;-3.35;5.5;3.9;69700.0;0.68;-0.2;6.0
2023;Taiwan;6.535;7.33;0.96;7.195488721804511;4.548461538461538;45400.0;16.0;-0.1;1.8
2023;Uruguay;6.494;12.65;-0.88;9.2;4.6;22800.0;18.55;-3.5;1.9
2023;Slovakia;6.469;8.78;0.2;7.2;4.6;31900.0;18.5;-1.0;1.1
2023;Saudi Arabia;6.463;13.9;6.07;5.5;7.8;44300.0;8.6;-8.9;10.8
2023;Estonia;6.455;8.48;-2.73;7.8;6.6;38700.0;20.69;-0.3;2.07
2023;Spain;6.436;7.12;4.23;10.7;4.6;37900.0;13.58;-3.1;0.9
2023;Italy;6.405;7.0;3.2;9.6;4.3;41900.0;24.77;-2.3;1.2
2023;Kosovo;6.368;14.57;-0.71;7.195488721804511;4.548461538461538;11900.0;29.0;-2.1;0.8
2023;Chile;6.334;12.57;0.32;9.8;5.6;25400.0;16.24;-2.8;2.0
2023;Mexico;6.33;13.95;-0.77;6.2;4.3;19100.0;14.29;-1.1;0.6
2023;Malta;6.3;9.59;4.96;10.8;5.9;44700.0;23.73;3.9;0.5
2023;Panama;6.265;17.71;3.22;9.7;3.9;29000.0;8.51;-1.6;1.2
2023;Poland;6.26;8.31;-0.34;6.5;5.2;34900.0;17.48;-1.7;1.9
2023;Nicaragua;6.259;16.3;-2.04;8.6;4.6;5600.0;17.2;-2.0;0.5
2023;Latvia;6.213;8.5;-5.06;7.5;6.0;32100.0;21.77;-0.5;1.6
2023;Bahrain;6.173;12.3;-0.99;4.2;2.2;49400.0;16.6;-10.1;4.6
2023;Guatemala;6.15;21.88;-1.63;6.5;3.1;8900.0;9.97;-1.3;0.4
2023;Kazakhstan;6.144;14.92;0.39;3.8;4.5;26100.0;8.32;-1.8;0.9
2023;Serbia;6.144;8.87;0.0;8.7;3.6;19800.0;23.49;0.2;1.8
2023;Cyprus;6.13;10.37;6.65;8.1;6.1;41700.0;22.42;1.8;1.4
2023;Japan;6.129;6.9;0.74;10.9;3.4;40800.0;35.2;-3.5;0.94
2023;Croatia;6.125;8.6;-0.26;7.8;5.5;31600.0;20.6;0.8;1.7
2023;Brazil;6.125;13.44;-0.19;10.3;6.0;14600.0;12.96;-1.1;1.3
2023;El Salvador;6.122;17.49;-7.01;9.9;4.1;9100.0;18.66;-2.5;1.0
2023;Hungary;6.041;8.58;1.21;7.3;4.8;33600.0;22.87;-2.0;1.0
2023;Argentina;6.024;15.38;-0.08;10.0;5.0;21500.0;10.87;-6.0;0.8
2023;Honduras;6.023;17.64;-1.32;9.0;6.4;5600.0;14.77;-2.7;1.7
2023;Uzbekistan;6.014;15.18;-1.7;6.8;4.9;7700.0;14.87;0.3;2.9
2023;Malaysia;6.012;14.39;1.46;4.1;3.9;26300.0;10.89;-3.0;1.4
2023;Portugal;5.968;7.99;1.2;10.6;5.0;33700.0;22.04;-3.0;1.27
2023;South Korea;5.951;6.95;2.61;8.4;4.7;44200.0;14.86;1.4;2.5
2023;Greece;5.931;7.52;1.03;9.5;4.4;29500.0;24.74;0.8;2.3
2023;Mauritius;5.902;9.82;0.0;6.7;4.9;21000.0;20.72;-0.3;0.3
2023;Thailand;5.843;10.04;-0.22;4.4;3.2;17100.0;14.48;-3.5;1.4
2023;Mongolia;5.84;15.37;-0.77;4.9;4.7;11700.0;14.15;-6.4;0.9
2023;Kyrgyzstan;5.825;19.08;-4.83;5.3;6.2;4800.0;14.92;-3.2;2.6
2023;Moldova;5.819;9.94;-8.8;6.8;6.4;14000.0;17.41;-0.6;0.4
2023;China;5.818;9.69;-0.11;5.6;3.6;16300.0;8.09;-3.8;1.8
2023;Vietnam;5.763;15.29;-0.21;4.7;4.1;10600.0;24.8;-6.7;2.5
2023;Paraguay;5.738;16.15;-0.07;7.6;3.3;13700.0;9.51;-1.1;1.0
2023;Montenegro;5.722;11.04;-4.99;11.4;4.548461538461538;20600.0;37.2;-5.6;1.4
2023;Jamaica;5.703;15.77;-7.42;6.6;6.0;9600.0;25.71;0.5;0.9
2023;Bolivia;5.684;18.08;-0.96;7.9;9.8;8100.0;39.9;-7.8;1.5
2023;Russia;5.661;9.22;1.7;7.6;3.7;28000.0;10.83;-1.4;5.4
2023;Bosnia and Herzegovina;5.633;8.31;-0.38;9.8;4.548461538461538;15700.0;19.01;2.1;0.9
2023;Colombia;5.63;15.06;-1.85;9.0;4.9;14600.0;14.23;-2.7;3.1
2023;Dominican Republic;5.569;17.8;-2.66;4.9;4.6;18600.0;12.39;-3.0;0.6
2023;Ecuador;5.559;16.19;0.0;8.5;3.7;10700.0;12.54;-4.5;2.4
2023;Peru;5.526;16.96;-0.89;6.3;4.0;12500.0;13.2;-3.1;1.2
2023;Philippines;5.523;22.17;-0.04;5.1;3.7;8100.0;13.95;-2.2;1.4
2023;Bulgaria;5.466;7.97;-0.29;8.5;4.0;24400.0;20.27;1.8;1.2
2023;Nepal;5.36;17.26;-4.29;5.2;4.2;3800.0;15.77;-0.1;2.6
2023;Armenia;5.342;10.8;-5.28;12.2;2.8;14200.0;21.86;-4.8;4.6
2023;Tajikistan;5.33;20.28;-1.02;8.2;5.9;3900.0;31.8;-1.5;2.2
2023;Algeria;5.329;17.84;-0.81;6.3;7.0;11000.0;32.3;-9.6;6.4
2023;Albania;5.277;12.48;-3.22;6.7;3.1;14500.0;17.02;-2.0;1.1
2023;Indonesia;5.277;15.05;-0.71;3.4;3.5;11900.0;8.31;-2.7;0.9
2023;South Africa;5.275;18.24;0.11;8.6;6.6;13300.0;23.3;-4.4;1.1
2023;Congo (Brazzaville);5.267;31.55;0.0;4.5;4.5;3200.0;8.95;-7.0;4.2
2023;North Macedonia;5.254;10.33;0.38;7.9;4.548461538461538;16500.0;16.13;-2.7;0.9
2023;Venezuela;5.211;16.99;13.55;3.8;1.3;12500.0;44.2;-46.1;1.8
2023;Laos;5.111;20.35;-1.09;2.7;2.3;7800.0;18.3;-5.5;0.2
2023;Georgia;5.109;10.79;0.06;7.6;3.6;15500.0;21.41;-3.8;2.0
2023;Guinea;5.072;35.47;0.0;4.0;2.2;2600.0;16.6;-0.5;1.9
2023;Ukraine;5.071;8.79;-0.27;7.6;5.4;12900.0;19.15;-1.5;3.1
2023;Ivory Coast;5.053;27.92;1.16;3.3;3.4;5300.0;12.11;-4.2;1.2
2023;Gabon;5.035;25.89;3.59;3.4;3.2;13800.0;11.48;-1.9;1.5
2023;Nigeria;4.981;34.0;-0.21;3.4;0.5;4900.0;3.4;-1.8;0.4
2023;Cameroon;4.973;35.13;-0.3;3.8;3.2;3700.0;10.87;-3.4;1.5
2023;Mozambique;4.954;36.94;-1.54;7.6;6.3;1200.0;21.84;-5.6;0.9
2023;Iraq;4.941;24.22;-0.98;5.1;4.7;9000.0;1.34;-4.2;5.6
2023;Morocco;4.903;17.1;-1.73;6.0;6.8;8100.0;20.02;-3.6;3.4
2023;Iran;4.876;14.79;-0.3;5.3;3.6;15000.0;17.3;-2.3;4.3
2023;Senegal;4.855;30.84;-0.69;5.2;5.5;3500.0;16.38;-3.6;1.5
2023;Mauritania;4.724;27.61;-0.71;3.4;1.9;5300.0;27.4;-0.8;2.5
2023;Burkina Faso;4.638;32.71;-0.59;6.7;5.5;2200.0;13.28;-7.9;1.2
2023;Namibia;4.631;24.68;0.0;8.9;9.6;9100.0;31.17;-5.5;4.1
2023;Turkiye;4.614;14.04;-1.53;4.6;3.4;31500.0;17.64;-1.5;1.45
2023;Ghana;4.605;28.04;-0.16;4.0;3.9;5400.0;11.34;-6.0;0.3
2023;Pakistan;4.555;26.01;-1.01;2.8;2.4;5200.0;15.4;-5.8;3.6
2023;Niger;4.501;46.86;-0.62;6.2;3.8;1200.0;21.4;-5.0;1.6
2023;Tunisia;4.497;14.05;-1.33;6.3;7.3;10400.0;24.7;-5.8;4.4
2023;Kenya;4.487;26.01;-0.19;4.3;4.8;4700.0;14.3;-6.7;1.4
2023;Sri Lanka;4.442;13.61;-1.21;4.1;1.9;13400.0;7.68;-5.5;2.2
2023;Uganda;4.432;40.27;-3.16;4.0;2.7;2200.0;11.39;-4.1;1.3
2023;Chad;4.397;39.85;-0.12;5.4;2.9;1400.0;13.5;-1.5;2.5
2023;Cambodia;4.393;18.75;-2.67;7.5;3.1;4400.0;17.89;-1.8;2.0
2023;Benin;4.374;40.72;0.24;2.6;3.0;3300.0;17.1;-6.2;0.7
2023;Myanmar;4.372;16.04;-1.36;3.7;2.1;4000.0;6.44;-3.2;5.1
2023;Bangladesh;4.282;17.5;-2.88;2.6;2.1;5900.0;7.0;-3.2;1.3
2023;Gambia;4.279;28.03;-0.04;2.6;2.8;2100.0;20.3;-2.6;1.0
2023;Mali;4.198;40.54;-2.99;4.3;4.4;2100.0;14.16;-2.9;2.8
2023;Egypt;4.17;20.48;-0.29;4.4;2.5;11600.0;17.9;-8.6;1.6
2023;Togo;4.137;31.39;-1.77;6.0;4.0;2100.0;13.16;-3.8;1.8
2023;Jordan;4.12;22.37;-10.99;7.5;3.2;9200.0;15.81;-5.1;5.7
2023;Ethiopia;4.091;29.97;-0.19;3.5;4.5;2300.0;6.2;-3.2;0.7
2023;Liberia;4.042;36.26;-2.67;9.5;2.7;1400.0;16.9;-4.3;0.4
2023;India;4.036;16.53;0.12;3.0;4.5;6600.0;12.02;-3.5;2.5
2023;Madagascar;4.019;28.14;0.0;3.9;3.1;1500.0;9.52;-2.7;0.5
2023;Zambia;3.982;34.48;0.16;5.6;3.7;3200.0;16.44;-7.3;1.5
2023;Tanzania;3.694;32.9;-0.39;3.8;3.3;2600.0;11.7;-1.8;1.1
2023;Comoros;3.545;22.06;-2.22;5.4;2.6;3200.0;25.3;-6.5;1.9129323308270678
2023;Malawi;3.495;27.29;0.0;5.4;2.9;1500.0;11.72;-3.4;0.6
2023;Botswana;3.435;19.95;2.77;6.2;8.7;14800.0;22.32;-1.0;3.1
2023;Congo (Kinshasa);3.207;39.64;-0.63;4.1;2.7;1100.0;11.2;-0.9;1.3
2023;Zimbabwe;3.204;32.77;-4.74;3.4;3.9;2100.0;7.21;-9.6;1.8
2023;Sierra Leone;3.138;31.49;1.72;8.8;9.1;1600.0;15.6;-7.9;0.4
2023;Lebanon;2.392;12.86;-0.94;8.0;1.7;13000.0;8.9;-6.9;4.6
2023;Afghanistan;1.859;34.79;-0.1;15.5;2.9;1500.0;9.9;-15.1;3.1
